ISO-10303-21;
HEADER;
FILE_DESCRIPTION(('FreeCAD Model'),'2;1');
FILE_NAME('Open CASCADE Shape Model','2025-10-19T18:17:33',(''),(''),
  'Open CASCADE STEP processor 7.8','FreeCAD','Unknown');
FILE_SCHEMA(('AUTOMOTIVE_DESIGN { 1 0 10303 214 1 1 1 1 }'));
ENDSEC;
DATA;
#1 = APPLICATION_PROTOCOL_DEFINITION('international standard',
  'automotive_design',2000,#2);
#2 = APPLICATION_CONTEXT(
  'core data for automotive mechanical design processes');
#3 = SHAPE_DEFINITION_REPRESENTATION(#4,#10);
#4 = PRODUCT_DEFINITION_SHAPE('','',#5);
#5 = PRODUCT_DEFINITION('design','',#6,#9);
#6 = PRODUCT_DEFINITION_FORMATION('','',#7);
#7 = PRODUCT('U1~PWRM-TH_BXXXXS-2WR3~PWRM-TH_BXXXXS-2WR3~JhKS',
  'U1~PWRM-TH_BXXXXS-2WR3~PWRM-TH_BXXXXS-2WR3~JhKS','',(#8));
#8 = PRODUCT_CONTEXT('',#2,'mechanical');
#9 = PRODUCT_DEFINITION_CONTEXT('part definition',#2,'design');
#10 = SHAPE_REPRESENTATION('',(#11,#15),#19);
#11 = AXIS2_PLACEMENT_3D('',#12,#13,#14);
#12 = CARTESIAN_POINT('',(0.,0.,0.));
#13 = DIRECTION('',(0.,0.,1.));
#14 = DIRECTION('',(1.,0.,-0.));
#15 = AXIS2_PLACEMENT_3D('',#16,#17,#18);
#16 = CARTESIAN_POINT('',(0.,0.,0.));
#17 = DIRECTION('',(0.,0.,1.));
#18 = DIRECTION('',(1.,0.,0.));
#19 = ( GEOMETRIC_REPRESENTATION_CONTEXT(3) 
GLOBAL_UNCERTAINTY_ASSIGNED_CONTEXT((#23)) GLOBAL_UNIT_ASSIGNED_CONTEXT(
(#20,#21,#22)) REPRESENTATION_CONTEXT('Context #1',
  '3D Context with UNIT and UNCERTAINTY') );
#20 = ( LENGTH_UNIT() NAMED_UNIT(*) SI_UNIT(.MILLI.,.METRE.) );
#21 = ( NAMED_UNIT(*) PLANE_ANGLE_UNIT() SI_UNIT($,.RADIAN.) );
#22 = ( NAMED_UNIT(*) SI_UNIT($,.STERADIAN.) SOLID_ANGLE_UNIT() );
#23 = UNCERTAINTY_MEASURE_WITH_UNIT(LENGTH_MEASURE(1.E-07),#20,
  'distance_accuracy_value','confusion accuracy');
#24 = PRODUCT_RELATED_PRODUCT_CATEGORY('part',$,(#7));
#25 = SHAPE_DEFINITION_REPRESENTATION(#26,#32);
#26 = PRODUCT_DEFINITION_SHAPE('','',#27);
#27 = PRODUCT_DEFINITION('design','',#28,#31);
#28 = PRODUCT_DEFINITION_FORMATION('','',#29);
#29 = PRODUCT('PWRM-TH_BXXXXS-2WR3~PWRM-TH_BXXXXS-2WR3~JhKS',
  'PWRM-TH_BXXXXS-2WR3~PWRM-TH_BXXXXS-2WR3~JhKS','',(#30));
#30 = PRODUCT_CONTEXT('',#2,'mechanical');
#31 = PRODUCT_DEFINITION_CONTEXT('part definition',#2,'design');
#32 = ADVANCED_BREP_SHAPE_REPRESENTATION('',(#11,#33),#3246);
#33 = MANIFOLD_SOLID_BREP('',#34);
#34 = CLOSED_SHELL('',(#35,#77,#159,#746,#795,#849,#880,#920,#951,#963,
    #975,#1006,#1030,#1054,#1071,#1083,#1114,#1138,#1162,#1179,#1191,
    #1222,#1246,#1270,#1287,#1299,#1330,#1354,#1378,#1395,#1407,#1425,
    #1435,#1453,#1486,#1517,#1535,#1552,#1569,#1587,#1605,#1623,#1641,
    #1658,#1675,#1687,#1720,#1744,#1770,#1794,#1820,#1844,#1870,#1887,
    #1953,#1986,#2012,#2038,#2070,#2095,#2126,#2150,#2182,#2214,#2231,
    #2290,#2329,#2355,#2381,#2407,#2432,#2463,#2487,#2511,#2535,#2559,
    #2583,#2607,#2631,#2655,#2679,#2703,#2720,#2740,#2779,#2803,#2835,
    #2867,#2899,#2931,#2955,#2987,#3019,#3044,#3062,#3093,#3117,#3141,
    #3165,#3189,#3206,#3220,#3233));
#35 = ADVANCED_FACE('',(#36),#72,.F.);
#36 = FACE_BOUND('',#37,.F.);
#37 = EDGE_LOOP('',(#38,#48,#57,#65));
#38 = ORIENTED_EDGE('',*,*,#39,.T.);
#39 = EDGE_CURVE('',#40,#42,#44,.T.);
#40 = VERTEX_POINT('',#41);
#41 = CARTESIAN_POINT('',(-6.013696559758,-6.130011334926,2.138999550683
    ));
#42 = VERTEX_POINT('',#43);
#43 = CARTESIAN_POINT('',(-6.013696559758,-6.140011334655,2.138999550683
    ));
#44 = LINE('',#45,#46);
#45 = CARTESIAN_POINT('',(-6.013696559758,-6.130011334926,2.138999550683
    ));
#46 = VECTOR('',#47,1.);
#47 = DIRECTION('',(1.324216393875E-16,-1.,0.));
#48 = ORIENTED_EDGE('',*,*,#49,.F.);
#49 = EDGE_CURVE('',#50,#42,#52,.T.);
#50 = VERTEX_POINT('',#51);
#51 = CARTESIAN_POINT('',(-6.758785176098,-6.140011334655,2.138999550683
    ));
#52 = CIRCLE('',#53,0.37254430817);
#53 = AXIS2_PLACEMENT_3D('',#54,#55,#56);
#54 = CARTESIAN_POINT('',(-6.386240867928,-6.140011334655,2.138999550683
    ));
#55 = DIRECTION('',(1.324216393875E-16,-1.,0.));
#56 = DIRECTION('',(1.,1.324216393875E-16,0.));
#57 = ORIENTED_EDGE('',*,*,#58,.F.);
#58 = EDGE_CURVE('',#59,#50,#61,.T.);
#59 = VERTEX_POINT('',#60);
#60 = CARTESIAN_POINT('',(-6.758785176098,-6.130011334926,2.138999550683
    ));
#61 = LINE('',#62,#63);
#62 = CARTESIAN_POINT('',(-6.758785176098,-6.130011334926,2.138999550683
    ));
#63 = VECTOR('',#64,1.);
#64 = DIRECTION('',(1.324216393875E-16,-1.,0.));
#65 = ORIENTED_EDGE('',*,*,#66,.T.);
#66 = EDGE_CURVE('',#59,#40,#67,.T.);
#67 = CIRCLE('',#68,0.37254430817);
#68 = AXIS2_PLACEMENT_3D('',#69,#70,#71);
#69 = CARTESIAN_POINT('',(-6.386240867928,-6.130011334926,2.138999550683
    ));
#70 = DIRECTION('',(1.324216393875E-16,-1.,0.));
#71 = DIRECTION('',(1.,1.324216393875E-16,0.));
#72 = CYLINDRICAL_SURFACE('',#73,0.37254430817);
#73 = AXIS2_PLACEMENT_3D('',#74,#75,#76);
#74 = CARTESIAN_POINT('',(-6.386240867928,-6.130011334926,2.138999550683
    ));
#75 = DIRECTION('',(1.324216393875E-16,-1.,0.));
#76 = DIRECTION('',(1.,1.324216393875E-16,0.));
#77 = ADVANCED_FACE('',(#78,#88),#154,.T.);
#78 = FACE_BOUND('',#79,.T.);
#79 = EDGE_LOOP('',(#80,#87));
#80 = ORIENTED_EDGE('',*,*,#81,.F.);
#81 = EDGE_CURVE('',#42,#50,#82,.T.);
#82 = CIRCLE('',#83,0.37254430817);
#83 = AXIS2_PLACEMENT_3D('',#84,#85,#86);
#84 = CARTESIAN_POINT('',(-6.386240867928,-6.140011334655,2.138999550683
    ));
#85 = DIRECTION('',(1.324216393875E-16,-1.,0.));
#86 = DIRECTION('',(1.,1.324216393875E-16,0.));
#87 = ORIENTED_EDGE('',*,*,#49,.F.);
#88 = FACE_BOUND('',#89,.T.);
#89 = EDGE_LOOP('',(#90,#100,#108,#116,#124,#132,#140,#148));
#90 = ORIENTED_EDGE('',*,*,#91,.F.);
#91 = EDGE_CURVE('',#92,#94,#96,.T.);
#92 = VERTEX_POINT('',#93);
#93 = CARTESIAN_POINT('',(10.979990846876,-6.140011334655,
    9.999979370875E-02));
#94 = VERTEX_POINT('',#95);
#95 = CARTESIAN_POINT('',(10.579990857698,-6.140011334655,
    9.999979370875E-02));
#96 = LINE('',#97,#98);
#97 = CARTESIAN_POINT('',(11.079990844171,-6.140011334655,
    9.999979370875E-02));
#98 = VECTOR('',#99,1.);
#99 = DIRECTION('',(-1.,-1.324216393875E-16,0.));
#100 = ORIENTED_EDGE('',*,*,#101,.T.);
#101 = EDGE_CURVE('',#92,#102,#104,.T.);
#102 = VERTEX_POINT('',#103);
#103 = CARTESIAN_POINT('',(10.979990846876,-6.140011334655,
    10.15999952154));
#104 = LINE('',#105,#106);
#105 = CARTESIAN_POINT('',(10.979990846876,-6.140011334655,
    10.259999518834));
#106 = VECTOR('',#107,1.);
#107 = DIRECTION('',(0.,0.,1.));
#108 = ORIENTED_EDGE('',*,*,#109,.T.);
#109 = EDGE_CURVE('',#102,#110,#112,.T.);
#110 = VERTEX_POINT('',#111);
#111 = CARTESIAN_POINT('',(-8.470008626912,-6.140011334655,
    10.15999952154));
#112 = LINE('',#113,#114);
#113 = CARTESIAN_POINT('',(-8.570008624206,-6.140011334655,
    10.15999952154));
#114 = VECTOR('',#115,1.);
#115 = DIRECTION('',(-1.,-1.324216393875E-16,0.));
#116 = ORIENTED_EDGE('',*,*,#117,.T.);
#117 = EDGE_CURVE('',#110,#118,#120,.T.);
#118 = VERTEX_POINT('',#119);
#119 = CARTESIAN_POINT('',(-8.470008626912,-6.140011334655,
    9.999979370875E-02));
#120 = LINE('',#121,#122);
#121 = CARTESIAN_POINT('',(-8.470008626912,-6.140011334655,
    10.259999518834));
#122 = VECTOR('',#123,1.);
#123 = DIRECTION('',(0.,0.,-1.));
#124 = ORIENTED_EDGE('',*,*,#125,.F.);
#125 = EDGE_CURVE('',#126,#118,#128,.T.);
#126 = VERTEX_POINT('',#127);
#127 = CARTESIAN_POINT('',(-8.070008637734,-6.140011334655,
    9.999979370875E-02));
#128 = LINE('',#129,#130);
#129 = CARTESIAN_POINT('',(11.079990844171,-6.140011334655,
    9.999979370875E-02));
#130 = VECTOR('',#131,1.);
#131 = DIRECTION('',(-1.,-1.324216393875E-16,0.));
#132 = ORIENTED_EDGE('',*,*,#133,.F.);
#133 = EDGE_CURVE('',#134,#126,#136,.T.);
#134 = VERTEX_POINT('',#135);
#135 = CARTESIAN_POINT('',(-8.070008637734,-6.140011334655,
    0.599999780181));
#136 = LINE('',#137,#138);
#137 = CARTESIAN_POINT('',(-8.070008637734,-6.140011334655,
    9.999979370875E-02));
#138 = VECTOR('',#139,1.);
#139 = DIRECTION('',(-0.,-0.,-1.));
#140 = ORIENTED_EDGE('',*,*,#141,.F.);
#141 = EDGE_CURVE('',#142,#134,#144,.T.);
#142 = VERTEX_POINT('',#143);
#143 = CARTESIAN_POINT('',(10.579990857698,-6.140011334655,
    0.599999780181));
#144 = LINE('',#145,#146);
#145 = CARTESIAN_POINT('',(-8.070008637734,-6.140011334655,
    0.599999780181));
#146 = VECTOR('',#147,1.);
#147 = DIRECTION('',(-1.,-1.395219953869E-16,-0.));
#148 = ORIENTED_EDGE('',*,*,#149,.F.);
#149 = EDGE_CURVE('',#94,#142,#150,.T.);
#150 = LINE('',#151,#152);
#151 = CARTESIAN_POINT('',(10.579990857698,-6.140011334655,
    9.999979370875E-02));
#152 = VECTOR('',#153,1.);
#153 = DIRECTION('',(0.,0.,1.));
#154 = PLANE('',#155);
#155 = AXIS2_PLACEMENT_3D('',#156,#157,#158);
#156 = CARTESIAN_POINT('',(11.079990844171,-6.140011334655,
    10.259999518834));
#157 = DIRECTION('',(1.324216393875E-16,-1.,0.));
#158 = DIRECTION('',(1.,1.324216393875E-16,0.));
#159 = ADVANCED_FACE('',(#160,#222,#256,#290,#315,#349,#383,#465,#517,
    #639),#741,.F.);
#160 = FACE_BOUND('',#161,.T.);
#161 = EDGE_LOOP('',(#162,#174,#184,#194,#204,#214));
#162 = ORIENTED_EDGE('',*,*,#163,.F.);
#163 = EDGE_CURVE('',#164,#166,#168,.T.);
#164 = VERTEX_POINT('',#165);
#165 = CARTESIAN_POINT('',(2.190776725561,-2.853531296319,0.599999780181
    ));
#166 = VERTEX_POINT('',#167);
#167 = CARTESIAN_POINT('',(1.934679171514,-2.853531296319,0.599999780181
    ));
#168 = B_SPLINE_CURVE_WITH_KNOTS('',3,(#169,#170,#171,#172,#173),
  .UNSPECIFIED.,.F.,.F.,(4,1,4),(0.,0.5,0.999998047619),.UNSPECIFIED.);
#169 = CARTESIAN_POINT('',(2.190776725561,-2.853531296319,0.599999780181
    ));
#170 = CARTESIAN_POINT('',(2.148093799887,-2.853531296319,0.599999780181
    ));
#171 = CARTESIAN_POINT('',(2.062727948538,-2.853531296319,0.599999780181
    ));
#172 = CARTESIAN_POINT('',(1.977362097189,-2.853531296319,0.599999780181
    ));
#173 = CARTESIAN_POINT('',(1.934679171514,-2.853531296319,0.599999780181
    ));
#174 = ORIENTED_EDGE('',*,*,#175,.F.);
#175 = EDGE_CURVE('',#176,#164,#178,.T.);
#176 = VERTEX_POINT('',#177);
#177 = CARTESIAN_POINT('',(2.190776725561,-2.353531309846,0.599999780181
    ));
#178 = B_SPLINE_CURVE_WITH_KNOTS('',3,(#179,#180,#181,#182,#183),
  .UNSPECIFIED.,.F.,.F.,(4,1,4),(0.,0.5,0.999999),.UNSPECIFIED.);
#179 = CARTESIAN_POINT('',(2.190776725561,-2.353531309846,0.599999780181
    ));
#180 = CARTESIAN_POINT('',(2.190776725561,-2.436864640925,0.599999780181
    ));
#181 = CARTESIAN_POINT('',(2.190776725561,-2.603531303082,0.599999780181
    ));
#182 = CARTESIAN_POINT('',(2.190776725561,-2.77019796524,0.599999780181)
  );
#183 = CARTESIAN_POINT('',(2.190776725561,-2.853531296319,0.599999780181
    ));
#184 = ORIENTED_EDGE('',*,*,#185,.F.);
#185 = EDGE_CURVE('',#186,#176,#188,.T.);
#186 = VERTEX_POINT('',#187);
#187 = CARTESIAN_POINT('',(2.123703556644,-2.353531309846,0.599999780181
    ));
#188 = B_SPLINE_CURVE_WITH_KNOTS('',3,(#189,#190,#191,#192,#193),
  .UNSPECIFIED.,.F.,.F.,(4,1,4),(0.,0.5,0.999992545455),.UNSPECIFIED.);
#189 = CARTESIAN_POINT('',(2.123703556644,-2.353531309846,0.599999780181
    ));
#190 = CARTESIAN_POINT('',(2.134882418131,-2.353531309846,0.599999780181
    ));
#191 = CARTESIAN_POINT('',(2.157239974436,-2.353531309846,0.599999780181
    ));
#192 = CARTESIAN_POINT('',(2.179597530742,-2.353531309846,0.599999780181
    ));
#193 = CARTESIAN_POINT('',(2.190776725561,-2.353531309846,0.599999780181
    ));
#194 = ORIENTED_EDGE('',*,*,#195,.F.);
#195 = EDGE_CURVE('',#196,#186,#198,.T.);
#196 = VERTEX_POINT('',#197);
#197 = CARTESIAN_POINT('',(2.123703556644,-2.798653249023,0.599999780181
    ));
#198 = B_SPLINE_CURVE_WITH_KNOTS('',3,(#199,#200,#201,#202,#203),
  .UNSPECIFIED.,.F.,.F.,(4,1,4),(0.,0.5,1.),.QUASI_UNIFORM_KNOTS.);
#199 = CARTESIAN_POINT('',(2.123703556644,-2.798653249023,0.599999780181
    ));
#200 = CARTESIAN_POINT('',(2.123703556644,-2.72446625916,0.599999780181)
  );
#201 = CARTESIAN_POINT('',(2.123703556644,-2.576092279435,0.599999780181
    ));
#202 = CARTESIAN_POINT('',(2.123703556644,-2.427718299709,0.599999780181
    ));
#203 = CARTESIAN_POINT('',(2.123703556644,-2.353531309846,0.599999780181
    ));
#204 = ORIENTED_EDGE('',*,*,#205,.F.);
#205 = EDGE_CURVE('',#206,#196,#208,.T.);
#206 = VERTEX_POINT('',#207);
#207 = CARTESIAN_POINT('',(1.934679171514,-2.798653249023,0.599999780181
    ));
#208 = B_SPLINE_CURVE_WITH_KNOTS('',3,(#209,#210,#211,#212,#213),
  .UNSPECIFIED.,.F.,.F.,(4,1,4),(0.,0.5,0.999997354839),.UNSPECIFIED.);
#209 = CARTESIAN_POINT('',(1.934679171514,-2.798653249023,0.599999780181
    ));
#210 = CARTESIAN_POINT('',(1.966183235703,-2.798653249023,0.599999780181
    ));
#211 = CARTESIAN_POINT('',(2.029191364079,-2.798653249023,0.599999780181
    ));
#212 = CARTESIAN_POINT('',(2.092199492456,-2.798653249023,0.599999780181
    ));
#213 = CARTESIAN_POINT('',(2.123703556644,-2.798653249023,0.599999780181
    ));
#214 = ORIENTED_EDGE('',*,*,#215,.F.);
#215 = EDGE_CURVE('',#166,#206,#216,.T.);
#216 = B_SPLINE_CURVE_WITH_KNOTS('',3,(#217,#218,#219,#220,#221),
  .UNSPECIFIED.,.F.,.F.,(4,1,4),(0.,0.5,0.999990888889),.UNSPECIFIED.);
#217 = CARTESIAN_POINT('',(1.934679171514,-2.853531296319,0.599999780181
    ));
#218 = CARTESIAN_POINT('',(1.934679171514,-2.844384955103,0.599999780181
    ));
#219 = CARTESIAN_POINT('',(1.934679171514,-2.826092439338,0.599999780181
    ));
#220 = CARTESIAN_POINT('',(1.934679171514,-2.807799923572,0.599999780181
    ));
#221 = CARTESIAN_POINT('',(1.934679171514,-2.798653249023,0.599999780181
    ));
#222 = FACE_BOUND('',#223,.T.);
#223 = EDGE_LOOP('',(#224,#234,#242,#250));
#224 = ORIENTED_EDGE('',*,*,#225,.F.);
#225 = EDGE_CURVE('',#226,#228,#230,.T.);
#226 = VERTEX_POINT('',#227);
#227 = CARTESIAN_POINT('',(6.089990979173,0.159988494901,0.599999780181)
  );
#228 = VERTEX_POINT('',#229);
#229 = CARTESIAN_POINT('',(6.589990965646,0.159988494901,0.599999780181)
  );
#230 = LINE('',#231,#232);
#231 = CARTESIAN_POINT('',(6.089990979173,0.159988494901,0.599999780181)
  );
#232 = VECTOR('',#233,1.);
#233 = DIRECTION('',(1.,0.,0.));
#234 = ORIENTED_EDGE('',*,*,#235,.F.);
#235 = EDGE_CURVE('',#236,#226,#238,.T.);
#236 = VERTEX_POINT('',#237);
#237 = CARTESIAN_POINT('',(6.089990979173,-0.140011496983,0.599999780181
    ));
#238 = LINE('',#239,#240);
#239 = CARTESIAN_POINT('',(6.089990979173,0.159988494901,0.599999780181)
  );
#240 = VECTOR('',#241,1.);
#241 = DIRECTION('',(0.,1.,0.));
#242 = ORIENTED_EDGE('',*,*,#243,.F.);
#243 = EDGE_CURVE('',#244,#236,#246,.T.);
#244 = VERTEX_POINT('',#245);
#245 = CARTESIAN_POINT('',(6.589990965646,-0.140011496983,0.599999780181
    ));
#246 = LINE('',#247,#248);
#247 = CARTESIAN_POINT('',(6.089990979173,-0.140011496983,0.599999780181
    ));
#248 = VECTOR('',#249,1.);
#249 = DIRECTION('',(-1.,-0.,-0.));
#250 = ORIENTED_EDGE('',*,*,#251,.F.);
#251 = EDGE_CURVE('',#228,#244,#252,.T.);
#252 = LINE('',#253,#254);
#253 = CARTESIAN_POINT('',(6.589990965646,0.159988494901,0.599999780181)
  );
#254 = VECTOR('',#255,1.);
#255 = DIRECTION('',(0.,-1.,0.));
#256 = FACE_BOUND('',#257,.T.);
#257 = EDGE_LOOP('',(#258,#268,#276,#284));
#258 = ORIENTED_EDGE('',*,*,#259,.F.);
#259 = EDGE_CURVE('',#260,#262,#264,.T.);
#260 = VERTEX_POINT('',#261);
#261 = CARTESIAN_POINT('',(-4.070008745952,0.159988494901,0.599999780181
    ));
#262 = VERTEX_POINT('',#263);
#263 = CARTESIAN_POINT('',(-3.570008759479,0.159988494901,0.599999780181
    ));
#264 = LINE('',#265,#266);
#265 = CARTESIAN_POINT('',(-4.070008745952,0.159988494901,0.599999780181
    ));
#266 = VECTOR('',#267,1.);
#267 = DIRECTION('',(1.,0.,0.));
#268 = ORIENTED_EDGE('',*,*,#269,.F.);
#269 = EDGE_CURVE('',#270,#260,#272,.T.);
#270 = VERTEX_POINT('',#271);
#271 = CARTESIAN_POINT('',(-4.070008745952,-0.140011496983,
    0.599999780181));
#272 = LINE('',#273,#274);
#273 = CARTESIAN_POINT('',(-4.070008745952,0.159988494901,0.599999780181
    ));
#274 = VECTOR('',#275,1.);
#275 = DIRECTION('',(0.,1.,0.));
#276 = ORIENTED_EDGE('',*,*,#277,.F.);
#277 = EDGE_CURVE('',#278,#270,#280,.T.);
#278 = VERTEX_POINT('',#279);
#279 = CARTESIAN_POINT('',(-3.570008759479,-0.140011496983,
    0.599999780181));
#280 = LINE('',#281,#282);
#281 = CARTESIAN_POINT('',(-4.070008745952,-0.140011496983,
    0.599999780181));
#282 = VECTOR('',#283,1.);
#283 = DIRECTION('',(-1.,-0.,-0.));
#284 = ORIENTED_EDGE('',*,*,#285,.F.);
#285 = EDGE_CURVE('',#262,#278,#286,.T.);
#286 = LINE('',#287,#288);
#287 = CARTESIAN_POINT('',(-3.570008759479,0.159988494901,0.599999780181
    ));
#288 = VECTOR('',#289,1.);
#289 = DIRECTION('',(0.,-1.,0.));
#290 = FACE_BOUND('',#291,.T.);
#291 = EDGE_LOOP('',(#292,#293,#301,#309));
#292 = ORIENTED_EDGE('',*,*,#141,.T.);
#293 = ORIENTED_EDGE('',*,*,#294,.F.);
#294 = EDGE_CURVE('',#295,#134,#297,.T.);
#295 = VERTEX_POINT('',#296);
#296 = CARTESIAN_POINT('',(-8.070008637734,0.90998847461,0.599999780181)
  );
#297 = LINE('',#298,#299);
#298 = CARTESIAN_POINT('',(-8.070008637734,0.90998847461,0.599999780181)
  );
#299 = VECTOR('',#300,1.);
#300 = DIRECTION('',(1.324216393875E-16,-1.,0.));
#301 = ORIENTED_EDGE('',*,*,#302,.F.);
#302 = EDGE_CURVE('',#303,#295,#305,.T.);
#303 = VERTEX_POINT('',#304);
#304 = CARTESIAN_POINT('',(10.579990857698,0.90998847461,0.599999780181)
  );
#305 = LINE('',#306,#307);
#306 = CARTESIAN_POINT('',(-8.070008637734,0.90998847461,0.599999780181)
  );
#307 = VECTOR('',#308,1.);
#308 = DIRECTION('',(-1.,-1.395219953869E-16,-0.));
#309 = ORIENTED_EDGE('',*,*,#310,.T.);
#310 = EDGE_CURVE('',#303,#142,#311,.T.);
#311 = LINE('',#312,#313);
#312 = CARTESIAN_POINT('',(10.579990857698,0.90998847461,0.599999780181)
  );
#313 = VECTOR('',#314,1.);
#314 = DIRECTION('',(1.324216393875E-16,-1.,0.));
#315 = FACE_BOUND('',#316,.T.);
#316 = EDGE_LOOP('',(#317,#327,#335,#343));
#317 = ORIENTED_EDGE('',*,*,#318,.F.);
#318 = EDGE_CURVE('',#319,#321,#323,.T.);
#319 = VERTEX_POINT('',#320);
#320 = CARTESIAN_POINT('',(-6.610008677233,-0.140011496983,
    0.599999780181));
#321 = VERTEX_POINT('',#322);
#322 = CARTESIAN_POINT('',(-6.610008677233,0.159988494901,0.599999780181
    ));
#323 = LINE('',#324,#325);
#324 = CARTESIAN_POINT('',(-6.610008677233,0.159988494901,0.599999780181
    ));
#325 = VECTOR('',#326,1.);
#326 = DIRECTION('',(0.,1.,0.));
#327 = ORIENTED_EDGE('',*,*,#328,.F.);
#328 = EDGE_CURVE('',#329,#319,#331,.T.);
#329 = VERTEX_POINT('',#330);
#330 = CARTESIAN_POINT('',(-6.110008690761,-0.140011496983,
    0.599999780181));
#331 = LINE('',#332,#333);
#332 = CARTESIAN_POINT('',(-6.610008677233,-0.140011496983,
    0.599999780181));
#333 = VECTOR('',#334,1.);
#334 = DIRECTION('',(-1.,-0.,-0.));
#335 = ORIENTED_EDGE('',*,*,#336,.F.);
#336 = EDGE_CURVE('',#337,#329,#339,.T.);
#337 = VERTEX_POINT('',#338);
#338 = CARTESIAN_POINT('',(-6.110008690761,0.159988494901,0.599999780181
    ));
#339 = LINE('',#340,#341);
#340 = CARTESIAN_POINT('',(-6.110008690761,0.159988494901,0.599999780181
    ));
#341 = VECTOR('',#342,1.);
#342 = DIRECTION('',(0.,-1.,0.));
#343 = ORIENTED_EDGE('',*,*,#344,.F.);
#344 = EDGE_CURVE('',#321,#337,#345,.T.);
#345 = LINE('',#346,#347);
#346 = CARTESIAN_POINT('',(-6.610008677233,0.159988494901,0.599999780181
    ));
#347 = VECTOR('',#348,1.);
#348 = DIRECTION('',(1.,0.,0.));
#349 = FACE_BOUND('',#350,.T.);
#350 = EDGE_LOOP('',(#351,#361,#369,#377));
#351 = ORIENTED_EDGE('',*,*,#352,.F.);
#352 = EDGE_CURVE('',#353,#355,#357,.T.);
#353 = VERTEX_POINT('',#354);
#354 = CARTESIAN_POINT('',(1.009991116611,0.159988494901,0.599999780181)
  );
#355 = VERTEX_POINT('',#356);
#356 = CARTESIAN_POINT('',(1.509991103083,0.159988494901,0.599999780181)
  );
#357 = LINE('',#358,#359);
#358 = CARTESIAN_POINT('',(1.009991116611,0.159988494901,0.599999780181)
  );
#359 = VECTOR('',#360,1.);
#360 = DIRECTION('',(1.,0.,0.));
#361 = ORIENTED_EDGE('',*,*,#362,.F.);
#362 = EDGE_CURVE('',#363,#353,#365,.T.);
#363 = VERTEX_POINT('',#364);
#364 = CARTESIAN_POINT('',(1.009991116611,-0.140011496983,0.599999780181
    ));
#365 = LINE('',#366,#367);
#366 = CARTESIAN_POINT('',(1.009991116611,0.159988494901,0.599999780181)
  );
#367 = VECTOR('',#368,1.);
#368 = DIRECTION('',(0.,1.,0.));
#369 = ORIENTED_EDGE('',*,*,#370,.F.);
#370 = EDGE_CURVE('',#371,#363,#373,.T.);
#371 = VERTEX_POINT('',#372);
#372 = CARTESIAN_POINT('',(1.509991103083,-0.140011496983,0.599999780181
    ));
#373 = LINE('',#374,#375);
#374 = CARTESIAN_POINT('',(1.009991116611,-0.140011496983,0.599999780181
    ));
#375 = VECTOR('',#376,1.);
#376 = DIRECTION('',(-1.,-0.,-0.));
#377 = ORIENTED_EDGE('',*,*,#378,.F.);
#378 = EDGE_CURVE('',#355,#371,#379,.T.);
#379 = LINE('',#380,#381);
#380 = CARTESIAN_POINT('',(1.509991103083,0.159988494901,0.599999780181)
  );
#381 = VECTOR('',#382,1.);
#382 = DIRECTION('',(0.,-1.,0.));
#383 = FACE_BOUND('',#384,.T.);
#384 = EDGE_LOOP('',(#385,#397,#407,#417,#427,#437,#447,#457));
#385 = ORIENTED_EDGE('',*,*,#386,.F.);
#386 = EDGE_CURVE('',#387,#389,#391,.T.);
#387 = VERTEX_POINT('',#388);
#388 = CARTESIAN_POINT('',(0.496702838467,-2.713287397674,0.599999780181
    ));
#389 = VERTEX_POINT('',#390);
#390 = CARTESIAN_POINT('',(0.290147966007,-2.713287397674,0.599999780181
    ));
#391 = B_SPLINE_CURVE_WITH_KNOTS('',3,(#392,#393,#394,#395,#396),
  .UNSPECIFIED.,.F.,.F.,(4,1,4),(0.,0.5,0.999997426652),.UNSPECIFIED.);
#392 = CARTESIAN_POINT('',(0.496702838467,-2.713287397674,0.599999780181
    ));
#393 = CARTESIAN_POINT('',(0.46227702639,-2.713287397674,0.599999780181)
  );
#394 = CARTESIAN_POINT('',(0.393425402237,-2.713287397674,0.599999780181
    ));
#395 = CARTESIAN_POINT('',(0.324573778083,-2.713287397674,0.599999780181
    ));
#396 = CARTESIAN_POINT('',(0.290147966007,-2.713287397674,0.599999780181
    ));
#397 = ORIENTED_EDGE('',*,*,#398,.F.);
#398 = EDGE_CURVE('',#399,#387,#401,.T.);
#399 = VERTEX_POINT('',#400);
#400 = CARTESIAN_POINT('',(0.544435306688,-2.853531296319,0.599999780181
    ));
#401 = B_SPLINE_CURVE_WITH_KNOTS('',3,(#402,#403,#404,#405,#406),
  .UNSPECIFIED.,.F.,.F.,(4,1,4),(0.,0.5,0.999996434783),.UNSPECIFIED.);
#402 = CARTESIAN_POINT('',(0.544435306688,-2.853531296319,0.599999780181
    ));
#403 = CARTESIAN_POINT('',(0.536479895318,-2.830157313211,0.599999780181
    ));
#404 = CARTESIAN_POINT('',(0.520569072578,-2.783409346996,0.599999780181
    ));
#405 = CARTESIAN_POINT('',(0.504658249837,-2.736661380781,0.599999780181
    ));
#406 = CARTESIAN_POINT('',(0.496702838467,-2.713287397674,0.599999780181
    ));
#407 = ORIENTED_EDGE('',*,*,#408,.F.);
#408 = EDGE_CURVE('',#409,#399,#411,.T.);
#409 = VERTEX_POINT('',#410);
#410 = CARTESIAN_POINT('',(0.617606036416,-2.853531296319,0.599999780181
    ));
#411 = B_SPLINE_CURVE_WITH_KNOTS('',3,(#412,#413,#414,#415,#416),
  .UNSPECIFIED.,.F.,.F.,(4,1,4),(0.,0.5,0.999992781721),.UNSPECIFIED.);
#412 = CARTESIAN_POINT('',(0.617606036416,-2.853531296319,0.599999780181
    ));
#413 = CARTESIAN_POINT('',(0.605410914794,-2.853531296319,0.599999780181
    ));
#414 = CARTESIAN_POINT('',(0.581020847607,-2.853531296319,0.599999780181
    ));
#415 = CARTESIAN_POINT('',(0.55663078042,-2.853531296319,0.599999780181)
  );
#416 = CARTESIAN_POINT('',(0.544435306688,-2.853531296319,0.599999780181
    ));
#417 = ORIENTED_EDGE('',*,*,#418,.F.);
#418 = EDGE_CURVE('',#419,#409,#421,.T.);
#419 = VERTEX_POINT('',#420);
#420 = CARTESIAN_POINT('',(0.428581651286,-2.353531309846,0.599999780181
    ));
#421 = B_SPLINE_CURVE_WITH_KNOTS('',3,(#422,#423,#424,#425,#426),
  .UNSPECIFIED.,.F.,.F.,(4,1,4),(0.,0.5,1.),.QUASI_UNIFORM_KNOTS.);
#422 = CARTESIAN_POINT('',(0.428581651286,-2.353531309846,0.599999780181
    ));
#423 = CARTESIAN_POINT('',(0.460085715474,-2.436864640925,0.599999780181
    ));
#424 = CARTESIAN_POINT('',(0.523093843851,-2.603531303082,0.599999780181
    ));
#425 = CARTESIAN_POINT('',(0.586101972227,-2.77019796524,0.599999780181)
  );
#426 = CARTESIAN_POINT('',(0.617606036416,-2.853531296319,0.599999780181
    ));
#427 = ORIENTED_EDGE('',*,*,#428,.F.);
#428 = EDGE_CURVE('',#429,#419,#431,.T.);
#429 = VERTEX_POINT('',#430);
#430 = CARTESIAN_POINT('',(0.361508482369,-2.353531309846,0.599999780181
    ));
#431 = B_SPLINE_CURVE_WITH_KNOTS('',3,(#432,#433,#434,#435,#436),
  .UNSPECIFIED.,.F.,.F.,(4,1,4),(0.,0.5,0.999992030533),.UNSPECIFIED.);
#432 = CARTESIAN_POINT('',(0.361508482369,-2.353531309846,0.599999780181
    ));
#433 = CARTESIAN_POINT('',(0.372687343855,-2.353531309846,0.599999780181
    ));
#434 = CARTESIAN_POINT('',(0.395044888648,-2.353531309846,0.599999780181
    ));
#435 = CARTESIAN_POINT('',(0.417402433441,-2.353531309846,0.599999780181
    ));
#436 = CARTESIAN_POINT('',(0.428581651286,-2.353531309846,0.599999780181
    ));
#437 = ORIENTED_EDGE('',*,*,#438,.F.);
#438 = EDGE_CURVE('',#439,#429,#441,.T.);
#439 = VERTEX_POINT('',#440);
#440 = CARTESIAN_POINT('',(0.166386536428,-2.853531296319,0.599999780181
    ));
#441 = B_SPLINE_CURVE_WITH_KNOTS('',3,(#442,#443,#444,#445,#446),
  .UNSPECIFIED.,.F.,.F.,(4,1,4),(0.,0.5,0.999999),.UNSPECIFIED.);
#442 = CARTESIAN_POINT('',(0.166386536428,-2.853531296319,0.599999780181
    ));
#443 = CARTESIAN_POINT('',(0.198906860751,-2.77019796524,0.599999780181)
  );
#444 = CARTESIAN_POINT('',(0.263947509398,-2.603531303082,0.599999780181
    ));
#445 = CARTESIAN_POINT('',(0.328988158045,-2.436864640925,0.599999780181
    ));
#446 = CARTESIAN_POINT('',(0.361508482369,-2.353531309846,0.599999780181
    ));
#447 = ORIENTED_EDGE('',*,*,#448,.F.);
#448 = EDGE_CURVE('',#449,#439,#451,.T.);
#449 = VERTEX_POINT('',#450);
#450 = CARTESIAN_POINT('',(0.239557266156,-2.853531296319,0.599999780181
    ));
#451 = B_SPLINE_CURVE_WITH_KNOTS('',3,(#452,#453,#454,#455,#456),
  .UNSPECIFIED.,.F.,.F.,(4,1,4),(0.,0.5,0.999992664773),.UNSPECIFIED.);
#452 = CARTESIAN_POINT('',(0.239557266156,-2.853531296319,0.599999780181
    ));
#453 = CARTESIAN_POINT('',(0.227362144534,-2.853531296319,0.599999780181
    ));
#454 = CARTESIAN_POINT('',(0.2029720802,-2.853531296319,0.599999780181)
  );
#455 = CARTESIAN_POINT('',(0.178582015865,-2.853531296319,0.599999780181
    ));
#456 = CARTESIAN_POINT('',(0.166386536428,-2.853531296319,0.599999780181
    ));
#457 = ORIENTED_EDGE('',*,*,#458,.F.);
#458 = EDGE_CURVE('',#389,#449,#459,.T.);
#459 = B_SPLINE_CURVE_WITH_KNOTS('',3,(#460,#461,#462,#463,#464),
  .UNSPECIFIED.,.F.,.F.,(4,1,4),(0.,0.5,0.999996434783),.UNSPECIFIED.);
#460 = CARTESIAN_POINT('',(0.290147966007,-2.713287397674,0.599999780181
    ));
#461 = CARTESIAN_POINT('',(0.281716182698,-2.736661380781,0.599999780181
    ));
#462 = CARTESIAN_POINT('',(0.264852616081,-2.783409346996,0.599999780181
    ));
#463 = CARTESIAN_POINT('',(0.247989049464,-2.830157313211,0.599999780181
    ));
#464 = CARTESIAN_POINT('',(0.239557266156,-2.853531296319,0.599999780181
    ));
#465 = FACE_BOUND('',#466,.T.);
#466 = EDGE_LOOP('',(#467,#479,#489,#499,#509));
#467 = ORIENTED_EDGE('',*,*,#468,.F.);
#468 = EDGE_CURVE('',#469,#471,#473,.T.);
#469 = VERTEX_POINT('',#470);
#470 = CARTESIAN_POINT('',(1.056630414782,-2.853531296319,0.599999780181
    ));
#471 = VERTEX_POINT('',#472);
#472 = CARTESIAN_POINT('',(0.920673863582,-2.853531296319,0.599999780181
    ));
#473 = B_SPLINE_CURVE_WITH_KNOTS('',3,(#474,#475,#476,#477,#478),
  .UNSPECIFIED.,.F.,.F.,(4,1,4),(0.,0.5,0.999994694571),.UNSPECIFIED.);
#474 = CARTESIAN_POINT('',(1.056630414782,-2.853531296319,0.599999780181
    ));
#475 = CARTESIAN_POINT('',(1.033970989582,-2.853531296319,0.599999780181
    ));
#476 = CARTESIAN_POINT('',(0.988652379618,-2.853531296319,0.599999780181
    ));
#477 = CARTESIAN_POINT('',(0.943333769654,-2.853531296319,0.599999780181
    ));
#478 = CARTESIAN_POINT('',(0.920673863582,-2.853531296319,0.599999780181
    ));
#479 = ORIENTED_EDGE('',*,*,#480,.F.);
#480 = EDGE_CURVE('',#481,#469,#483,.T.);
#481 = VERTEX_POINT('',#482);
#482 = CARTESIAN_POINT('',(1.056630414782,-2.353531309846,0.599999780181
    ));
#483 = B_SPLINE_CURVE_WITH_KNOTS('',3,(#484,#485,#486,#487,#488),
  .UNSPECIFIED.,.F.,.F.,(4,1,4),(0.,0.5,0.999999),.UNSPECIFIED.);
#484 = CARTESIAN_POINT('',(1.056630414782,-2.353531309846,0.599999780181
    ));
#485 = CARTESIAN_POINT('',(1.056630414782,-2.436864640925,0.599999780181
    ));
#486 = CARTESIAN_POINT('',(1.056630414782,-2.603531303082,0.599999780181
    ));
#487 = CARTESIAN_POINT('',(1.056630414782,-2.77019796524,0.599999780181)
  );
#488 = CARTESIAN_POINT('',(1.056630414782,-2.853531296319,0.599999780181
    ));
#489 = ORIENTED_EDGE('',*,*,#490,.F.);
#490 = EDGE_CURVE('',#491,#481,#493,.T.);
#491 = VERTEX_POINT('',#492);
#492 = CARTESIAN_POINT('',(0.915529046648,-2.353531309846,0.599999780181
    ));
#493 = B_SPLINE_CURVE_WITH_KNOTS('',3,(#494,#495,#496,#497,#498),
  .UNSPECIFIED.,.F.,.F.,(4,1,4),(0.,0.5,0.999996456448),.UNSPECIFIED.);
#494 = CARTESIAN_POINT('',(0.915529046648,-2.353531309846,0.599999780181
    ));
#495 = CARTESIAN_POINT('',(0.939045941337,-2.353531309846,0.599999780181
    ));
#496 = CARTESIAN_POINT('',(0.986079730715,-2.353531309846,0.599999780181
    ));
#497 = CARTESIAN_POINT('',(1.033113520093,-2.353531309846,0.599999780181
    ));
#498 = CARTESIAN_POINT('',(1.056630414782,-2.353531309846,0.599999780181
    ));
#499 = ORIENTED_EDGE('',*,*,#500,.F.);
#500 = EDGE_CURVE('',#501,#491,#503,.T.);
#501 = VERTEX_POINT('',#502);
#502 = CARTESIAN_POINT('',(0.654191401279,-2.597243193496,0.599999780181
    ));
#503 = B_SPLINE_CURVE_WITH_KNOTS('',3,(#504,#505,#506,#507,#508),
  .UNSPECIFIED.,.F.,.F.,(4,1,4),(0.,0.441155726213,1.),.UNSPECIFIED.);
#504 = CARTESIAN_POINT('',(0.654191401279,-2.597243193496,0.599999780181
    ));
#505 = CARTESIAN_POINT('',(0.666338836823,-2.536032649945,0.599999780181
    ));
#506 = CARTESIAN_POINT('',(0.693874318788,-2.397282227102,0.599999780181
    ));
#507 = CARTESIAN_POINT('',(0.836066025546,-2.369215974435,0.599999780181
    ));
#508 = CARTESIAN_POINT('',(0.915529046648,-2.353531309846,0.599999780181
    ));
#509 = ORIENTED_EDGE('',*,*,#510,.F.);
#510 = EDGE_CURVE('',#471,#501,#511,.T.);
#511 = B_SPLINE_CURVE_WITH_KNOTS('',3,(#512,#513,#514,#515,#516),
  .UNSPECIFIED.,.F.,.F.,(4,1,4),(0.,0.444969328518,0.999998662218),
  .UNSPECIFIED.);
#512 = CARTESIAN_POINT('',(0.920673863582,-2.853531296319,0.599999780181
    ));
#513 = CARTESIAN_POINT('',(0.856295857553,-2.84402164445,0.599999780181)
  );
#514 = CARTESIAN_POINT('',(0.711616209083,-2.822650167227,0.599999780181
    ));
#515 = CARTESIAN_POINT('',(0.674687800624,-2.677696773147,0.599999780181
    ));
#516 = CARTESIAN_POINT('',(0.654191401279,-2.597243193496,0.599999780181
    ));
#517 = FACE_BOUND('',#518,.T.);
#518 = EDGE_LOOP('',(#519,#531,#541,#551,#561,#571,#581,#591,#601,#611,
    #621,#631));
#519 = ORIENTED_EDGE('',*,*,#520,.F.);
#520 = EDGE_CURVE('',#521,#523,#525,.T.);
#521 = VERTEX_POINT('',#522);
#522 = CARTESIAN_POINT('',(1.178581630995,-2.573043499029,0.599999780181
    ));
#523 = VERTEX_POINT('',#524);
#524 = CARTESIAN_POINT('',(1.355410894503,-2.573043499029,0.599999780181
    ));
#525 = B_SPLINE_CURVE_WITH_KNOTS('',3,(#526,#527,#528,#529,#530),
  .UNSPECIFIED.,.F.,.F.,(4,1,4),(0.,0.5,0.999997172414),.UNSPECIFIED.);
#526 = CARTESIAN_POINT('',(1.178581630995,-2.573043499029,0.599999780181
    ));
#527 = CARTESIAN_POINT('',(1.208053174913,-2.573043499029,0.599999780181
    ));
#528 = CARTESIAN_POINT('',(1.266996262749,-2.573043499029,0.599999780181
    ));
#529 = CARTESIAN_POINT('',(1.325939350585,-2.573043499029,0.599999780181
    ));
#530 = CARTESIAN_POINT('',(1.355410894503,-2.573043499029,0.599999780181
    ));
#531 = ORIENTED_EDGE('',*,*,#532,.F.);
#532 = EDGE_CURVE('',#533,#521,#535,.T.);
#533 = VERTEX_POINT('',#534);
#534 = CARTESIAN_POINT('',(1.178581630995,-2.627921546325,0.599999780181
    ));
#535 = B_SPLINE_CURVE_WITH_KNOTS('',3,(#536,#537,#538,#539,#540),
  .UNSPECIFIED.,.F.,.F.,(4,1,4),(0.,0.5,0.999990888889),.UNSPECIFIED.);
#536 = CARTESIAN_POINT('',(1.178581630995,-2.627921546325,0.599999780181
    ));
#537 = CARTESIAN_POINT('',(1.178581630995,-2.618775205109,0.599999780181
    ));
#538 = CARTESIAN_POINT('',(1.178581630995,-2.600482689344,0.599999780181
    ));
#539 = CARTESIAN_POINT('',(1.178581630995,-2.582190173579,0.599999780181
    ));
#540 = CARTESIAN_POINT('',(1.178581630995,-2.573043499029,0.599999780181
    ));
#541 = ORIENTED_EDGE('',*,*,#542,.F.);
#542 = EDGE_CURVE('',#543,#533,#545,.T.);
#543 = VERTEX_POINT('',#544);
#544 = CARTESIAN_POINT('',(1.355410894503,-2.627921546325,0.599999780181
    ));
#545 = B_SPLINE_CURVE_WITH_KNOTS('',3,(#546,#547,#548,#549,#550),
  .UNSPECIFIED.,.F.,.F.,(4,1,4),(0.,0.5,0.999997172414),.UNSPECIFIED.);
#546 = CARTESIAN_POINT('',(1.355410894503,-2.627921546325,0.599999780181
    ));
#547 = CARTESIAN_POINT('',(1.325939350585,-2.627921546325,0.599999780181
    ));
#548 = CARTESIAN_POINT('',(1.266996262749,-2.627921546325,0.599999780181
    ));
#549 = CARTESIAN_POINT('',(1.208053174913,-2.627921546325,0.599999780181
    ));
#550 = CARTESIAN_POINT('',(1.178581630995,-2.627921546325,0.599999780181
    ));
#551 = ORIENTED_EDGE('',*,*,#552,.F.);
#552 = EDGE_CURVE('',#553,#543,#555,.T.);
#553 = VERTEX_POINT('',#554);
#554 = CARTESIAN_POINT('',(1.355410894503,-2.798653249023,0.599999780181
    ));
#555 = B_SPLINE_CURVE_WITH_KNOTS('',3,(#556,#557,#558,#559,#560),
  .UNSPECIFIED.,.F.,.F.,(4,1,4),(0.,0.5,1.),.QUASI_UNIFORM_KNOTS.);
#556 = CARTESIAN_POINT('',(1.355410894503,-2.798653249023,0.599999780181
    ));
#557 = CARTESIAN_POINT('',(1.355410894503,-2.77019796524,0.599999780181)
  );
#558 = CARTESIAN_POINT('',(1.355410894503,-2.713287397674,0.599999780181
    ));
#559 = CARTESIAN_POINT('',(1.355410894503,-2.656376830108,0.599999780181
    ));
#560 = CARTESIAN_POINT('',(1.355410894503,-2.627921546325,0.599999780181
    ));
#561 = ORIENTED_EDGE('',*,*,#562,.F.);
#562 = EDGE_CURVE('',#563,#553,#565,.T.);
#563 = VERTEX_POINT('',#564);
#564 = CARTESIAN_POINT('',(1.154191387752,-2.798653249023,0.599999780181
    ));
#565 = B_SPLINE_CURVE_WITH_KNOTS('',3,(#566,#567,#568,#569,#570),
  .UNSPECIFIED.,.F.,.F.,(4,1,4),(0.,0.5,0.999997515152),.UNSPECIFIED.);
#566 = CARTESIAN_POINT('',(1.154191387752,-2.798653249023,0.599999780181
    ));
#567 = CARTESIAN_POINT('',(1.187727972211,-2.798653249023,0.599999780181
    ));
#568 = CARTESIAN_POINT('',(1.254801141128,-2.798653249023,0.599999780181
    ));
#569 = CARTESIAN_POINT('',(1.321874310045,-2.798653249023,0.599999780181
    ));
#570 = CARTESIAN_POINT('',(1.355410894503,-2.798653249023,0.599999780181
    ));
#571 = ORIENTED_EDGE('',*,*,#572,.F.);
#572 = EDGE_CURVE('',#573,#563,#575,.T.);
#573 = VERTEX_POINT('',#574);
#574 = CARTESIAN_POINT('',(1.154191387752,-2.853531296319,0.599999780181
    ));
#575 = B_SPLINE_CURVE_WITH_KNOTS('',3,(#576,#577,#578,#579,#580),
  .UNSPECIFIED.,.F.,.F.,(4,1,4),(0.,0.5,0.999990888889),.UNSPECIFIED.);
#576 = CARTESIAN_POINT('',(1.154191387752,-2.853531296319,0.599999780181
    ));
#577 = CARTESIAN_POINT('',(1.154191387752,-2.844384955103,0.599999780181
    ));
#578 = CARTESIAN_POINT('',(1.154191387752,-2.826092439338,0.599999780181
    ));
#579 = CARTESIAN_POINT('',(1.154191387752,-2.807799923572,0.599999780181
    ));
#580 = CARTESIAN_POINT('',(1.154191387752,-2.798653249023,0.599999780181
    ));
#581 = ORIENTED_EDGE('',*,*,#582,.F.);
#582 = EDGE_CURVE('',#583,#573,#585,.T.);
#583 = VERTEX_POINT('',#584);
#584 = CARTESIAN_POINT('',(1.42248406342,-2.853531296319,0.599999780181)
  );
#585 = B_SPLINE_CURVE_WITH_KNOTS('',3,(#586,#587,#588,#589,#590),
  .UNSPECIFIED.,.F.,.F.,(4,1,4),(0.,0.5,0.999998136364),.UNSPECIFIED.);
#586 = CARTESIAN_POINT('',(1.42248406342,-2.853531296319,0.599999780181)
  );
#587 = CARTESIAN_POINT('',(1.377768617476,-2.853531296319,0.599999780181
    ));
#588 = CARTESIAN_POINT('',(1.288337725586,-2.853531296319,0.599999780181
    ));
#589 = CARTESIAN_POINT('',(1.198906833697,-2.853531296319,0.599999780181
    ));
#590 = CARTESIAN_POINT('',(1.154191387752,-2.853531296319,0.599999780181
    ));
#591 = ORIENTED_EDGE('',*,*,#592,.F.);
#592 = EDGE_CURVE('',#593,#583,#595,.T.);
#593 = VERTEX_POINT('',#594);
#594 = CARTESIAN_POINT('',(1.42248406342,-2.353531309846,0.599999780181)
  );
#595 = B_SPLINE_CURVE_WITH_KNOTS('',3,(#596,#597,#598,#599,#600),
  .UNSPECIFIED.,.F.,.F.,(4,1,4),(0.,0.5,0.999999),.UNSPECIFIED.);
#596 = CARTESIAN_POINT('',(1.42248406342,-2.353531309846,0.599999780181)
  );
#597 = CARTESIAN_POINT('',(1.42248406342,-2.436864640925,0.599999780181)
  );
#598 = CARTESIAN_POINT('',(1.42248406342,-2.603531303082,0.599999780181)
  );
#599 = CARTESIAN_POINT('',(1.42248406342,-2.77019796524,0.599999780181)
  );
#600 = CARTESIAN_POINT('',(1.42248406342,-2.853531296319,0.599999780181)
  );
#601 = ORIENTED_EDGE('',*,*,#602,.F.);
#602 = EDGE_CURVE('',#603,#593,#605,.T.);
#603 = VERTEX_POINT('',#604);
#604 = CARTESIAN_POINT('',(1.166386509373,-2.353531309846,0.599999780181
    ));
#605 = B_SPLINE_CURVE_WITH_KNOTS('',3,(#606,#607,#608,#609,#610),
  .UNSPECIFIED.,.F.,.F.,(4,1,4),(0.,0.5,0.999998047619),.UNSPECIFIED.);
#606 = CARTESIAN_POINT('',(1.166386509373,-2.353531309846,0.599999780181
    ));
#607 = CARTESIAN_POINT('',(1.209069435048,-2.353531309846,0.599999780181
    ));
#608 = CARTESIAN_POINT('',(1.294435286397,-2.353531309846,0.599999780181
    ));
#609 = CARTESIAN_POINT('',(1.379801137746,-2.353531309846,0.599999780181
    ));
#610 = CARTESIAN_POINT('',(1.42248406342,-2.353531309846,0.599999780181)
  );
#611 = ORIENTED_EDGE('',*,*,#612,.F.);
#612 = EDGE_CURVE('',#613,#603,#615,.T.);
#613 = VERTEX_POINT('',#614);
#614 = CARTESIAN_POINT('',(1.166386509373,-2.408409357142,0.599999780181
    ));
#615 = B_SPLINE_CURVE_WITH_KNOTS('',3,(#616,#617,#618,#619,#620),
  .UNSPECIFIED.,.F.,.F.,(4,1,4),(0.,0.5,0.999990888889),.UNSPECIFIED.);
#616 = CARTESIAN_POINT('',(1.166386509373,-2.408409357142,0.599999780181
    ));
#617 = CARTESIAN_POINT('',(1.166386509373,-2.399263015926,0.599999780181
    ));
#618 = CARTESIAN_POINT('',(1.166386509373,-2.380970500161,0.599999780181
    ));
#619 = CARTESIAN_POINT('',(1.166386509373,-2.362677984395,0.599999780181
    ));
#620 = CARTESIAN_POINT('',(1.166386509373,-2.353531309846,0.599999780181
    ));
#621 = ORIENTED_EDGE('',*,*,#622,.F.);
#622 = EDGE_CURVE('',#623,#613,#625,.T.);
#623 = VERTEX_POINT('',#624);
#624 = CARTESIAN_POINT('',(1.355410894503,-2.408409357142,0.599999780181
    ));
#625 = B_SPLINE_CURVE_WITH_KNOTS('',3,(#626,#627,#628,#629,#630),
  .UNSPECIFIED.,.F.,.F.,(4,1,4),(0.,0.5,0.999997354839),.UNSPECIFIED.);
#626 = CARTESIAN_POINT('',(1.355410894503,-2.408409357142,0.599999780181
    ));
#627 = CARTESIAN_POINT('',(1.323906830315,-2.408409357142,0.599999780181
    ));
#628 = CARTESIAN_POINT('',(1.260898701938,-2.408409357142,0.599999780181
    ));
#629 = CARTESIAN_POINT('',(1.197890573562,-2.408409357142,0.599999780181
    ));
#630 = CARTESIAN_POINT('',(1.166386509373,-2.408409357142,0.599999780181
    ));
#631 = ORIENTED_EDGE('',*,*,#632,.F.);
#632 = EDGE_CURVE('',#523,#623,#633,.T.);
#633 = B_SPLINE_CURVE_WITH_KNOTS('',3,(#634,#635,#636,#637,#638),
  .UNSPECIFIED.,.F.,.F.,(4,1,4),(0.,0.5,0.999996962963),.UNSPECIFIED.);
#634 = CARTESIAN_POINT('',(1.355410894503,-2.573043499029,0.599999780181
    ));
#635 = CARTESIAN_POINT('',(1.355410894503,-2.545604475381,0.599999780181
    ));
#636 = CARTESIAN_POINT('',(1.355410894503,-2.490726428086,0.599999780181
    ));
#637 = CARTESIAN_POINT('',(1.355410894503,-2.43584838079,0.599999780181)
  );
#638 = CARTESIAN_POINT('',(1.355410894503,-2.408409357142,0.599999780181
    ));
#639 = FACE_BOUND('',#640,.T.);
#640 = EDGE_LOOP('',(#641,#653,#663,#673,#683,#693,#703,#713,#723,#733)
  );
#641 = ORIENTED_EDGE('',*,*,#642,.F.);
#642 = EDGE_CURVE('',#643,#645,#647,.T.);
#643 = VERTEX_POINT('',#644);
#644 = CARTESIAN_POINT('',(1.637137258833,-2.402311796331,0.599999780181
    ));
#645 = VERTEX_POINT('',#646);
#646 = CARTESIAN_POINT('',(1.520045036391,-2.434323990587,0.599999780181
    ));
#647 = B_SPLINE_CURVE_WITH_KNOTS('',3,(#648,#649,#650,#651,#652),
  .UNSPECIFIED.,.F.,.F.,(4,1,4),(0.,0.440436656024,0.999995499134),
  .UNSPECIFIED.);
#648 = CARTESIAN_POINT('',(1.637137258833,-2.402311796331,0.599999780181
    ));
#649 = CARTESIAN_POINT('',(1.618992569201,-2.4032806184,0.599999780181)
  );
#650 = CARTESIAN_POINT('',(1.577795707593,-2.405480293871,0.599999780181
    ));
#651 = CARTESIAN_POINT('',(1.540765948381,-2.423974856932,0.599999780181
    ));
#652 = CARTESIAN_POINT('',(1.520045036391,-2.434323990587,0.599999780181
    ));
#653 = ORIENTED_EDGE('',*,*,#654,.F.);
#654 = EDGE_CURVE('',#655,#643,#657,.T.);
#655 = VERTEX_POINT('',#656);
#656 = CARTESIAN_POINT('',(1.824923076923,-2.608866668792,0.599999780181
    ));
#657 = B_SPLINE_CURVE_WITH_KNOTS('',3,(#658,#659,#660,#661,#662),
  .UNSPECIFIED.,.F.,.F.,(4,1,4),(0.,0.44618891039,0.99999714345),
  .UNSPECIFIED.);
#658 = CARTESIAN_POINT('',(1.824923076923,-2.608866668792,0.599999780181
    ));
#659 = CARTESIAN_POINT('',(1.819126339098,-2.559880954339,0.599999780181
    ));
#660 = CARTESIAN_POINT('',(1.806134671913,-2.450094015865,0.599999780181
    ));
#661 = CARTESIAN_POINT('',(1.697371506165,-2.419342388558,0.599999780181
    ));
#662 = CARTESIAN_POINT('',(1.637137258833,-2.402311796331,0.599999780181
    ));
#663 = ORIENTED_EDGE('',*,*,#664,.F.);
#664 = EDGE_CURVE('',#665,#655,#667,.T.);
#665 = VERTEX_POINT('',#666);
#666 = CARTESIAN_POINT('',(1.648379636577,-2.804750809834,0.599999780181
    ));
#667 = B_SPLINE_CURVE_WITH_KNOTS('',3,(#668,#669,#670,#671,#672),
  .UNSPECIFIED.,.F.,.F.,(4,1,4),(0.,0.440948198198,1.),.UNSPECIFIED.);
#668 = CARTESIAN_POINT('',(1.648379636577,-2.804750809834,0.599999780181
    ));
#669 = CARTESIAN_POINT('',(1.693702714942,-2.795402851945,0.599999780181
    ));
#670 = CARTESIAN_POINT('',(1.796488208906,-2.774203178316,0.599999780181
    ));
#671 = CARTESIAN_POINT('',(1.814726774157,-2.668153777434,0.599999780181
    ));
#672 = CARTESIAN_POINT('',(1.824923076923,-2.608866668792,0.599999780181
    ));
#673 = ORIENTED_EDGE('',*,*,#674,.F.);
#674 = EDGE_CURVE('',#675,#665,#677,.T.);
#675 = VERTEX_POINT('',#676);
#676 = CARTESIAN_POINT('',(1.520045036391,-2.772738615578,0.599999780181
    ));
#677 = B_SPLINE_CURVE_WITH_KNOTS('',3,(#678,#679,#680,#681,#682),
  .UNSPECIFIED.,.F.,.F.,(4,1,4),(0.,0.440010228627,0.99999523588),
  .UNSPECIFIED.);
#678 = CARTESIAN_POINT('',(1.520045036391,-2.772738615578,0.599999780181
    ));
#679 = CARTESIAN_POINT('',(1.537805108717,-2.781416151884,0.599999780181
    ));
#680 = CARTESIAN_POINT('',(1.578167778853,-2.801137272895,0.599999780181
    ));
#681 = CARTESIAN_POINT('',(1.623175315249,-2.803453669572,0.599999780181
    ));
#682 = CARTESIAN_POINT('',(1.648379636577,-2.804750809834,0.599999780181
    ));
#683 = ORIENTED_EDGE('',*,*,#684,.F.);
#684 = EDGE_CURVE('',#685,#675,#687,.T.);
#685 = VERTEX_POINT('',#686);
#686 = CARTESIAN_POINT('',(1.520045036391,-2.827616662874,0.599999780181
    ));
#687 = B_SPLINE_CURVE_WITH_KNOTS('',3,(#688,#689,#690,#691,#692),
  .UNSPECIFIED.,.F.,.F.,(4,1,4),(0.,0.5,0.999989859501),.UNSPECIFIED.);
#688 = CARTESIAN_POINT('',(1.520045036391,-2.827616662874,0.599999780181
    ));
#689 = CARTESIAN_POINT('',(1.520045036391,-2.818470321658,0.599999780181
    ));
#690 = CARTESIAN_POINT('',(1.520045036391,-2.800177824723,0.599999780181
    ));
#691 = CARTESIAN_POINT('',(1.520045036391,-2.781885327788,0.599999780181
    ));
#692 = CARTESIAN_POINT('',(1.520045036391,-2.772738615578,0.599999780181
    ));
#693 = ORIENTED_EDGE('',*,*,#694,.F.);
#694 = EDGE_CURVE('',#695,#685,#697,.T.);
#695 = VERTEX_POINT('',#696);
#696 = CARTESIAN_POINT('',(1.657621252181,-2.859628857129,0.599999780181
    ));
#697 = B_SPLINE_CURVE_WITH_KNOTS('',3,(#698,#699,#700,#701,#702),
  .UNSPECIFIED.,.F.,.F.,(4,1,4),(0.,0.440890142866,0.999996211309),
  .UNSPECIFIED.);
#698 = CARTESIAN_POINT('',(1.657621252181,-2.859628857129,0.599999780181
    ));
#699 = CARTESIAN_POINT('',(1.63651134742,-2.85904030102,0.599999780181)
  );
#700 = CARTESIAN_POINT('',(1.588631155262,-2.857705374124,0.599999780181
    ));
#701 = CARTESIAN_POINT('',(1.544640593239,-2.838406726814,0.599999780181
    ));
#702 = CARTESIAN_POINT('',(1.520045036391,-2.827616662874,0.599999780181
    ));
#703 = ORIENTED_EDGE('',*,*,#704,.F.);
#704 = EDGE_CURVE('',#705,#695,#707,.T.);
#705 = VERTEX_POINT('',#706);
#706 = CARTESIAN_POINT('',(1.89199624584,-2.612963467461,0.599999780181)
  );
#707 = B_SPLINE_CURVE_WITH_KNOTS('',3,(#708,#709,#710,#711,#712),
  .UNSPECIFIED.,.F.,.F.,(4,1,4),(0.,0.445317252035,0.999997380281),
  .UNSPECIFIED.);
#708 = CARTESIAN_POINT('',(1.89199624584,-2.612963467461,0.599999780181)
  );
#709 = CARTESIAN_POINT('',(1.883964267194,-2.672608743176,0.599999780181
    ));
#710 = CARTESIAN_POINT('',(1.865927735688,-2.806547582154,0.599999780181
    ));
#711 = CARTESIAN_POINT('',(1.731941246303,-2.840690416147,0.599999780181
    ));
#712 = CARTESIAN_POINT('',(1.657621252181,-2.859628857129,0.599999780181
    ));
#713 = ORIENTED_EDGE('',*,*,#714,.F.);
#714 = EDGE_CURVE('',#715,#705,#717,.T.);
#715 = VERTEX_POINT('',#716);
#716 = CARTESIAN_POINT('',(1.637708905159,-2.347433749035,0.599999780181
    ));
#717 = B_SPLINE_CURVE_WITH_KNOTS('',3,(#718,#719,#720,#721,#722),
  .UNSPECIFIED.,.F.,.F.,(4,1,4),(0.,0.442583305674,0.999998639109),
  .UNSPECIFIED.);
#718 = CARTESIAN_POINT('',(1.637708905159,-2.347433749035,0.599999780181
    ));
#719 = CARTESIAN_POINT('',(1.700895373714,-2.359386538468,0.599999780181
    ));
#720 = CARTESIAN_POINT('',(1.843662775342,-2.386393407638,0.599999780181
    ));
#721 = CARTESIAN_POINT('',(1.874697161113,-2.531871532182,0.599999780181
    ));
#722 = CARTESIAN_POINT('',(1.89199624584,-2.612963467461,0.599999780181)
  );
#723 = ORIENTED_EDGE('',*,*,#724,.F.);
#724 = EDGE_CURVE('',#725,#715,#727,.T.);
#725 = VERTEX_POINT('',#726);
#726 = CARTESIAN_POINT('',(1.520045036391,-2.36725082167,0.599999780181)
  );
#727 = B_SPLINE_CURVE_WITH_KNOTS('',3,(#728,#729,#730,#731,#732),
  .UNSPECIFIED.,.F.,.F.,(4,1,4),(0.,0.43977387616,0.999994392464),
  .UNSPECIFIED.);
#728 = CARTESIAN_POINT('',(1.520045036391,-2.36725082167,0.599999780181)
  );
#729 = CARTESIAN_POINT('',(1.53680587452,-2.361649808956,0.599999780181)
  );
#730 = CARTESIAN_POINT('',(1.574918061374,-2.348913760706,0.599999780181
    ));
#731 = CARTESIAN_POINT('',(1.615162394137,-2.34796515777,0.599999780181)
  );
#732 = CARTESIAN_POINT('',(1.637708905159,-2.347433749035,0.599999780181
    ));
#733 = ORIENTED_EDGE('',*,*,#734,.F.);
#734 = EDGE_CURVE('',#645,#725,#735,.T.);
#735 = B_SPLINE_CURVE_WITH_KNOTS('',3,(#736,#737,#738,#739,#740),
  .UNSPECIFIED.,.F.,.F.,(4,1,4),(0.,0.5,0.999992440466),.UNSPECIFIED.);
#736 = CARTESIAN_POINT('',(1.520045036391,-2.434323990587,0.599999780181
    ));
#737 = CARTESIAN_POINT('',(1.520045036391,-2.423145129101,0.599999780181
    ));
#738 = CARTESIAN_POINT('',(1.520045036391,-2.400787575143,0.599999780181
    ));
#739 = CARTESIAN_POINT('',(1.520045036391,-2.378430021184,0.599999780181
    ));
#740 = CARTESIAN_POINT('',(1.520045036391,-2.36725082167,0.599999780181)
  );
#741 = PLANE('',#742);
#742 = AXIS2_PLACEMENT_3D('',#743,#744,#745);
#743 = CARTESIAN_POINT('',(-8.070008637734,0.90998847461,0.599999780181)
  );
#744 = DIRECTION('',(0.,0.,1.));
#745 = DIRECTION('',(1.,0.,-0.));
#746 = ADVANCED_FACE('',(#747),#790,.T.);
#747 = FACE_BOUND('',#748,.T.);
#748 = EDGE_LOOP('',(#749,#750,#759,#767,#776,#784));
#749 = ORIENTED_EDGE('',*,*,#125,.T.);
#750 = ORIENTED_EDGE('',*,*,#751,.T.);
#751 = EDGE_CURVE('',#118,#752,#754,.T.);
#752 = VERTEX_POINT('',#753);
#753 = CARTESIAN_POINT('',(-8.570008624206,-6.040011337361,
    9.999979370875E-02));
#754 = CIRCLE('',#755,9.999999729454E-02);
#755 = AXIS2_PLACEMENT_3D('',#756,#757,#758);
#756 = CARTESIAN_POINT('',(-8.470008626912,-6.040011337361,
    9.999979370875E-02));
#757 = DIRECTION('',(0.,0.,-1.));
#758 = DIRECTION('',(-1.,0.,0.));
#759 = ORIENTED_EDGE('',*,*,#760,.T.);
#760 = EDGE_CURVE('',#752,#761,#763,.T.);
#761 = VERTEX_POINT('',#762);
#762 = CARTESIAN_POINT('',(-8.570008624206,0.809988477315,
    9.999979370875E-02));
#763 = LINE('',#764,#765);
#764 = CARTESIAN_POINT('',(-8.570008624206,-6.140011334655,
    9.999979370875E-02));
#765 = VECTOR('',#766,1.);
#766 = DIRECTION('',(0.,1.,0.));
#767 = ORIENTED_EDGE('',*,*,#768,.T.);
#768 = EDGE_CURVE('',#761,#769,#771,.T.);
#769 = VERTEX_POINT('',#770);
#770 = CARTESIAN_POINT('',(-8.470008626912,0.90998847461,
    9.999979370875E-02));
#771 = CIRCLE('',#772,9.999999729454E-02);
#772 = AXIS2_PLACEMENT_3D('',#773,#774,#775);
#773 = CARTESIAN_POINT('',(-8.470008626912,0.809988477315,
    9.999979370875E-02));
#774 = DIRECTION('',(0.,0.,-1.));
#775 = DIRECTION('',(-1.,0.,0.));
#776 = ORIENTED_EDGE('',*,*,#777,.F.);
#777 = EDGE_CURVE('',#778,#769,#780,.T.);
#778 = VERTEX_POINT('',#779);
#779 = CARTESIAN_POINT('',(-8.070008637734,0.90998847461,
    9.999979370875E-02));
#780 = LINE('',#781,#782);
#781 = CARTESIAN_POINT('',(11.079990844171,0.90998847461,
    9.999979370875E-02));
#782 = VECTOR('',#783,1.);
#783 = DIRECTION('',(-1.,-1.103513661563E-16,0.));
#784 = ORIENTED_EDGE('',*,*,#785,.T.);
#785 = EDGE_CURVE('',#778,#126,#786,.T.);
#786 = LINE('',#787,#788);
#787 = CARTESIAN_POINT('',(-8.070008637734,0.90998847461,
    9.999979370875E-02));
#788 = VECTOR('',#789,1.);
#789 = DIRECTION('',(1.324216393875E-16,-1.,0.));
#790 = PLANE('',#791);
#791 = AXIS2_PLACEMENT_3D('',#792,#793,#794);
#792 = CARTESIAN_POINT('',(1.254991109982,-2.615011430023,
    9.999979370875E-02));
#793 = DIRECTION('',(0.,0.,-1.));
#794 = DIRECTION('',(-1.,0.,0.));
#795 = ADVANCED_FACE('',(#796),#844,.F.);
#796 = FACE_BOUND('',#797,.T.);
#797 = EDGE_LOOP('',(#798,#808,#816,#824,#830,#831,#837,#838));
#798 = ORIENTED_EDGE('',*,*,#799,.T.);
#799 = EDGE_CURVE('',#800,#802,#804,.T.);
#800 = VERTEX_POINT('',#801);
#801 = CARTESIAN_POINT('',(-8.470008626912,0.90998847461,10.15999952154)
  );
#802 = VERTEX_POINT('',#803);
#803 = CARTESIAN_POINT('',(10.979990846876,0.90998847461,10.15999952154)
  );
#804 = LINE('',#805,#806);
#805 = CARTESIAN_POINT('',(11.079990844171,0.90998847461,10.15999952154)
  );
#806 = VECTOR('',#807,1.);
#807 = DIRECTION('',(1.,1.103513661563E-16,0.));
#808 = ORIENTED_EDGE('',*,*,#809,.T.);
#809 = EDGE_CURVE('',#802,#810,#812,.T.);
#810 = VERTEX_POINT('',#811);
#811 = CARTESIAN_POINT('',(10.979990846876,0.90998847461,
    9.999979370875E-02));
#812 = LINE('',#813,#814);
#813 = CARTESIAN_POINT('',(10.979990846876,0.90998847461,10.259999518834
    ));
#814 = VECTOR('',#815,1.);
#815 = DIRECTION('',(0.,0.,-1.));
#816 = ORIENTED_EDGE('',*,*,#817,.T.);
#817 = EDGE_CURVE('',#810,#818,#820,.T.);
#818 = VERTEX_POINT('',#819);
#819 = CARTESIAN_POINT('',(10.579990857698,0.90998847461,
    9.999979370875E-02));
#820 = LINE('',#821,#822);
#821 = CARTESIAN_POINT('',(11.079990844171,0.90998847461,
    9.999979370875E-02));
#822 = VECTOR('',#823,1.);
#823 = DIRECTION('',(-1.,-1.103513661563E-16,0.));
#824 = ORIENTED_EDGE('',*,*,#825,.T.);
#825 = EDGE_CURVE('',#818,#303,#826,.T.);
#826 = LINE('',#827,#828);
#827 = CARTESIAN_POINT('',(10.579990857698,0.90998847461,
    9.999979370875E-02));
#828 = VECTOR('',#829,1.);
#829 = DIRECTION('',(0.,0.,1.));
#830 = ORIENTED_EDGE('',*,*,#302,.T.);
#831 = ORIENTED_EDGE('',*,*,#832,.T.);
#832 = EDGE_CURVE('',#295,#778,#833,.T.);
#833 = LINE('',#834,#835);
#834 = CARTESIAN_POINT('',(-8.070008637734,0.90998847461,
    9.999979370875E-02));
#835 = VECTOR('',#836,1.);
#836 = DIRECTION('',(-0.,-0.,-1.));
#837 = ORIENTED_EDGE('',*,*,#777,.T.);
#838 = ORIENTED_EDGE('',*,*,#839,.T.);
#839 = EDGE_CURVE('',#769,#800,#840,.T.);
#840 = LINE('',#841,#842);
#841 = CARTESIAN_POINT('',(-8.470008626912,0.90998847461,10.259999518834
    ));
#842 = VECTOR('',#843,1.);
#843 = DIRECTION('',(0.,0.,1.));
#844 = PLANE('',#845);
#845 = AXIS2_PLACEMENT_3D('',#846,#847,#848);
#846 = CARTESIAN_POINT('',(11.079990844171,0.90998847461,10.259999518834
    ));
#847 = DIRECTION('',(1.103513661563E-16,-1.,0.));
#848 = DIRECTION('',(1.,1.103513661563E-16,0.));
#849 = ADVANCED_FACE('',(#850),#875,.T.);
#850 = FACE_BOUND('',#851,.T.);
#851 = EDGE_LOOP('',(#852,#853,#861,#869));
#852 = ORIENTED_EDGE('',*,*,#760,.F.);
#853 = ORIENTED_EDGE('',*,*,#854,.T.);
#854 = EDGE_CURVE('',#752,#855,#857,.T.);
#855 = VERTEX_POINT('',#856);
#856 = CARTESIAN_POINT('',(-8.570008624206,-6.040011337361,
    10.15999952154));
#857 = LINE('',#858,#859);
#858 = CARTESIAN_POINT('',(-8.570008624206,-6.040011337361,
    10.259999518834));
#859 = VECTOR('',#860,1.);
#860 = DIRECTION('',(0.,0.,1.));
#861 = ORIENTED_EDGE('',*,*,#862,.T.);
#862 = EDGE_CURVE('',#855,#863,#865,.T.);
#863 = VERTEX_POINT('',#864);
#864 = CARTESIAN_POINT('',(-8.570008624206,0.809988477315,10.15999952154
    ));
#865 = LINE('',#866,#867);
#866 = CARTESIAN_POINT('',(-8.570008624206,0.90998847461,10.15999952154)
  );
#867 = VECTOR('',#868,1.);
#868 = DIRECTION('',(0.,1.,0.));
#869 = ORIENTED_EDGE('',*,*,#870,.T.);
#870 = EDGE_CURVE('',#863,#761,#871,.T.);
#871 = LINE('',#872,#873);
#872 = CARTESIAN_POINT('',(-8.570008624206,0.809988477315,
    9.999979370875E-02));
#873 = VECTOR('',#874,1.);
#874 = DIRECTION('',(0.,0.,-1.));
#875 = PLANE('',#876);
#876 = AXIS2_PLACEMENT_3D('',#877,#878,#879);
#877 = CARTESIAN_POINT('',(-8.570008624206,-6.140011334655,
    10.259999518834));
#878 = DIRECTION('',(-1.,0.,0.));
#879 = DIRECTION('',(0.,0.,1.));
#880 = ADVANCED_FACE('',(#881),#915,.T.);
#881 = FACE_BOUND('',#882,.T.);
#882 = EDGE_LOOP('',(#883,#884,#893,#901,#908,#909));
#883 = ORIENTED_EDGE('',*,*,#817,.F.);
#884 = ORIENTED_EDGE('',*,*,#885,.T.);
#885 = EDGE_CURVE('',#810,#886,#888,.T.);
#886 = VERTEX_POINT('',#887);
#887 = CARTESIAN_POINT('',(11.079990844171,0.809988477315,
    9.999979370875E-02));
#888 = CIRCLE('',#889,9.999999729454E-02);
#889 = AXIS2_PLACEMENT_3D('',#890,#891,#892);
#890 = CARTESIAN_POINT('',(10.979990846876,0.809988477315,
    9.999979370875E-02));
#891 = DIRECTION('',(0.,0.,-1.));
#892 = DIRECTION('',(-1.,0.,0.));
#893 = ORIENTED_EDGE('',*,*,#894,.F.);
#894 = EDGE_CURVE('',#895,#886,#897,.T.);
#895 = VERTEX_POINT('',#896);
#896 = CARTESIAN_POINT('',(11.079990844171,-6.040011337361,
    9.999979370875E-02));
#897 = LINE('',#898,#899);
#898 = CARTESIAN_POINT('',(11.079990844171,-6.140011334655,
    9.999979370875E-02));
#899 = VECTOR('',#900,1.);
#900 = DIRECTION('',(0.,1.,0.));
#901 = ORIENTED_EDGE('',*,*,#902,.T.);
#902 = EDGE_CURVE('',#895,#92,#903,.T.);
#903 = CIRCLE('',#904,9.999999729454E-02);
#904 = AXIS2_PLACEMENT_3D('',#905,#906,#907);
#905 = CARTESIAN_POINT('',(10.979990846876,-6.040011337361,
    9.999979370875E-02));
#906 = DIRECTION('',(0.,0.,-1.));
#907 = DIRECTION('',(-1.,0.,0.));
#908 = ORIENTED_EDGE('',*,*,#91,.T.);
#909 = ORIENTED_EDGE('',*,*,#910,.F.);
#910 = EDGE_CURVE('',#818,#94,#911,.T.);
#911 = LINE('',#912,#913);
#912 = CARTESIAN_POINT('',(10.579990857698,0.90998847461,
    9.999979370875E-02));
#913 = VECTOR('',#914,1.);
#914 = DIRECTION('',(1.324216393875E-16,-1.,0.));
#915 = PLANE('',#916);
#916 = AXIS2_PLACEMENT_3D('',#917,#918,#919);
#917 = CARTESIAN_POINT('',(1.254991109982,-2.615011430023,
    9.999979370875E-02));
#918 = DIRECTION('',(0.,0.,-1.));
#919 = DIRECTION('',(-1.,0.,0.));
#920 = ADVANCED_FACE('',(#921),#946,.F.);
#921 = FACE_BOUND('',#922,.T.);
#922 = EDGE_LOOP('',(#923,#924,#932,#940));
#923 = ORIENTED_EDGE('',*,*,#894,.T.);
#924 = ORIENTED_EDGE('',*,*,#925,.T.);
#925 = EDGE_CURVE('',#886,#926,#928,.T.);
#926 = VERTEX_POINT('',#927);
#927 = CARTESIAN_POINT('',(11.079990844171,0.809988477315,10.15999952154
    ));
#928 = LINE('',#929,#930);
#929 = CARTESIAN_POINT('',(11.079990844171,0.809988477315,
    10.259999518834));
#930 = VECTOR('',#931,1.);
#931 = DIRECTION('',(0.,0.,1.));
#932 = ORIENTED_EDGE('',*,*,#933,.T.);
#933 = EDGE_CURVE('',#926,#934,#936,.T.);
#934 = VERTEX_POINT('',#935);
#935 = CARTESIAN_POINT('',(11.079990844171,-6.040011337361,
    10.15999952154));
#936 = LINE('',#937,#938);
#937 = CARTESIAN_POINT('',(11.079990844171,-6.140011334655,
    10.15999952154));
#938 = VECTOR('',#939,1.);
#939 = DIRECTION('',(-0.,-1.,-0.));
#940 = ORIENTED_EDGE('',*,*,#941,.T.);
#941 = EDGE_CURVE('',#934,#895,#942,.T.);
#942 = LINE('',#943,#944);
#943 = CARTESIAN_POINT('',(11.079990844171,-6.040011337361,
    9.999979370875E-02));
#944 = VECTOR('',#945,1.);
#945 = DIRECTION('',(0.,0.,-1.));
#946 = PLANE('',#947);
#947 = AXIS2_PLACEMENT_3D('',#948,#949,#950);
#948 = CARTESIAN_POINT('',(11.079990844171,-6.140011334655,
    10.259999518834));
#949 = DIRECTION('',(-1.,0.,0.));
#950 = DIRECTION('',(0.,0.,1.));
#951 = ADVANCED_FACE('',(#952),#958,.F.);
#952 = FACE_BOUND('',#953,.T.);
#953 = EDGE_LOOP('',(#954,#955,#956,#957));
#954 = ORIENTED_EDGE('',*,*,#133,.T.);
#955 = ORIENTED_EDGE('',*,*,#785,.F.);
#956 = ORIENTED_EDGE('',*,*,#832,.F.);
#957 = ORIENTED_EDGE('',*,*,#294,.T.);
#958 = PLANE('',#959);
#959 = AXIS2_PLACEMENT_3D('',#960,#961,#962);
#960 = CARTESIAN_POINT('',(-8.070008637734,0.90998847461,
    9.999979370875E-02));
#961 = DIRECTION('',(-1.,-1.324216393875E-16,0.));
#962 = DIRECTION('',(1.324216393875E-16,-1.,0.));
#963 = ADVANCED_FACE('',(#964),#970,.F.);
#964 = FACE_BOUND('',#965,.T.);
#965 = EDGE_LOOP('',(#966,#967,#968,#969));
#966 = ORIENTED_EDGE('',*,*,#149,.T.);
#967 = ORIENTED_EDGE('',*,*,#310,.F.);
#968 = ORIENTED_EDGE('',*,*,#825,.F.);
#969 = ORIENTED_EDGE('',*,*,#910,.T.);
#970 = PLANE('',#971);
#971 = AXIS2_PLACEMENT_3D('',#972,#973,#974);
#972 = CARTESIAN_POINT('',(10.579990857698,0.90998847461,
    9.999979370875E-02));
#973 = DIRECTION('',(1.,1.324216393875E-16,0.));
#974 = DIRECTION('',(-1.324216393875E-16,1.,0.));
#975 = ADVANCED_FACE('',(#976),#1001,.F.);
#976 = FACE_BOUND('',#977,.T.);
#977 = EDGE_LOOP('',(#978,#979,#987,#995));
#978 = ORIENTED_EDGE('',*,*,#318,.T.);
#979 = ORIENTED_EDGE('',*,*,#980,.F.);
#980 = EDGE_CURVE('',#981,#321,#983,.T.);
#981 = VERTEX_POINT('',#982);
#982 = CARTESIAN_POINT('',(-6.610008677233,0.159988494901,
    -4.000000095367));
#983 = LINE('',#984,#985);
#984 = CARTESIAN_POINT('',(-6.610008677233,0.159988494901,
    -4.000000095367));
#985 = VECTOR('',#986,1.);
#986 = DIRECTION('',(0.,0.,1.));
#987 = ORIENTED_EDGE('',*,*,#988,.F.);
#988 = EDGE_CURVE('',#989,#981,#991,.T.);
#989 = VERTEX_POINT('',#990);
#990 = CARTESIAN_POINT('',(-6.610008677233,-0.140011496983,
    -4.000000095367));
#991 = LINE('',#992,#993);
#992 = CARTESIAN_POINT('',(-6.610008677233,0.159988494901,
    -4.000000095367));
#993 = VECTOR('',#994,1.);
#994 = DIRECTION('',(0.,1.,0.));
#995 = ORIENTED_EDGE('',*,*,#996,.T.);
#996 = EDGE_CURVE('',#989,#319,#997,.T.);
#997 = LINE('',#998,#999);
#998 = CARTESIAN_POINT('',(-6.610008677233,-0.140011496983,
    -4.000000095367));
#999 = VECTOR('',#1000,1.);
#1000 = DIRECTION('',(0.,0.,1.));
#1001 = PLANE('',#1002);
#1002 = AXIS2_PLACEMENT_3D('',#1003,#1004,#1005);
#1003 = CARTESIAN_POINT('',(-6.610008677233,0.159988494901,
    -4.000000095367));
#1004 = DIRECTION('',(1.,0.,0.));
#1005 = DIRECTION('',(0.,0.,-1.));
#1006 = ADVANCED_FACE('',(#1007),#1025,.F.);
#1007 = FACE_BOUND('',#1008,.T.);
#1008 = EDGE_LOOP('',(#1009,#1010,#1018,#1024));
#1009 = ORIENTED_EDGE('',*,*,#344,.T.);
#1010 = ORIENTED_EDGE('',*,*,#1011,.F.);
#1011 = EDGE_CURVE('',#1012,#337,#1014,.T.);
#1012 = VERTEX_POINT('',#1013);
#1013 = CARTESIAN_POINT('',(-6.110008690761,0.159988494901,
    -4.000000095367));
#1014 = LINE('',#1015,#1016);
#1015 = CARTESIAN_POINT('',(-6.110008690761,0.159988494901,
    -4.000000095367));
#1016 = VECTOR('',#1017,1.);
#1017 = DIRECTION('',(0.,0.,1.));
#1018 = ORIENTED_EDGE('',*,*,#1019,.F.);
#1019 = EDGE_CURVE('',#981,#1012,#1020,.T.);
#1020 = LINE('',#1021,#1022);
#1021 = CARTESIAN_POINT('',(-6.610008677233,0.159988494901,
    -4.000000095367));
#1022 = VECTOR('',#1023,1.);
#1023 = DIRECTION('',(1.,0.,0.));
#1024 = ORIENTED_EDGE('',*,*,#980,.T.);
#1025 = PLANE('',#1026);
#1026 = AXIS2_PLACEMENT_3D('',#1027,#1028,#1029);
#1027 = CARTESIAN_POINT('',(-6.610008677233,0.159988494901,
    -4.000000095367));
#1028 = DIRECTION('',(0.,-1.,0.));
#1029 = DIRECTION('',(0.,0.,-1.));
#1030 = ADVANCED_FACE('',(#1031),#1049,.F.);
#1031 = FACE_BOUND('',#1032,.T.);
#1032 = EDGE_LOOP('',(#1033,#1034,#1042,#1048));
#1033 = ORIENTED_EDGE('',*,*,#336,.T.);
#1034 = ORIENTED_EDGE('',*,*,#1035,.F.);
#1035 = EDGE_CURVE('',#1036,#329,#1038,.T.);
#1036 = VERTEX_POINT('',#1037);
#1037 = CARTESIAN_POINT('',(-6.110008690761,-0.140011496983,
    -4.000000095367));
#1038 = LINE('',#1039,#1040);
#1039 = CARTESIAN_POINT('',(-6.110008690761,-0.140011496983,
    -4.000000095367));
#1040 = VECTOR('',#1041,1.);
#1041 = DIRECTION('',(0.,0.,1.));
#1042 = ORIENTED_EDGE('',*,*,#1043,.F.);
#1043 = EDGE_CURVE('',#1012,#1036,#1044,.T.);
#1044 = LINE('',#1045,#1046);
#1045 = CARTESIAN_POINT('',(-6.110008690761,0.159988494901,
    -4.000000095367));
#1046 = VECTOR('',#1047,1.);
#1047 = DIRECTION('',(0.,-1.,0.));
#1048 = ORIENTED_EDGE('',*,*,#1011,.T.);
#1049 = PLANE('',#1050);
#1050 = AXIS2_PLACEMENT_3D('',#1051,#1052,#1053);
#1051 = CARTESIAN_POINT('',(-6.110008690761,0.159988494901,
    -4.000000095367));
#1052 = DIRECTION('',(-1.,0.,0.));
#1053 = DIRECTION('',(0.,0.,1.));
#1054 = ADVANCED_FACE('',(#1055),#1066,.F.);
#1055 = FACE_BOUND('',#1056,.T.);
#1056 = EDGE_LOOP('',(#1057,#1058,#1059,#1065));
#1057 = ORIENTED_EDGE('',*,*,#328,.T.);
#1058 = ORIENTED_EDGE('',*,*,#996,.F.);
#1059 = ORIENTED_EDGE('',*,*,#1060,.F.);
#1060 = EDGE_CURVE('',#1036,#989,#1061,.T.);
#1061 = LINE('',#1062,#1063);
#1062 = CARTESIAN_POINT('',(-6.610008677233,-0.140011496983,
    -4.000000095367));
#1063 = VECTOR('',#1064,1.);
#1064 = DIRECTION('',(-1.,-0.,-0.));
#1065 = ORIENTED_EDGE('',*,*,#1035,.T.);
#1066 = PLANE('',#1067);
#1067 = AXIS2_PLACEMENT_3D('',#1068,#1069,#1070);
#1068 = CARTESIAN_POINT('',(-6.610008677233,-0.140011496983,
    -4.000000095367));
#1069 = DIRECTION('',(0.,1.,0.));
#1070 = DIRECTION('',(0.,-0.,1.));
#1071 = ADVANCED_FACE('',(#1072),#1078,.F.);
#1072 = FACE_BOUND('',#1073,.T.);
#1073 = EDGE_LOOP('',(#1074,#1075,#1076,#1077));
#1074 = ORIENTED_EDGE('',*,*,#988,.T.);
#1075 = ORIENTED_EDGE('',*,*,#1019,.T.);
#1076 = ORIENTED_EDGE('',*,*,#1043,.T.);
#1077 = ORIENTED_EDGE('',*,*,#1060,.T.);
#1078 = PLANE('',#1079);
#1079 = AXIS2_PLACEMENT_3D('',#1080,#1081,#1082);
#1080 = CARTESIAN_POINT('',(1.254991109982,-2.615011430023,
    -4.000000095367));
#1081 = DIRECTION('',(0.,0.,1.));
#1082 = DIRECTION('',(1.,0.,-0.));
#1083 = ADVANCED_FACE('',(#1084),#1109,.F.);
#1084 = FACE_BOUND('',#1085,.T.);
#1085 = EDGE_LOOP('',(#1086,#1087,#1095,#1103));
#1086 = ORIENTED_EDGE('',*,*,#259,.T.);
#1087 = ORIENTED_EDGE('',*,*,#1088,.F.);
#1088 = EDGE_CURVE('',#1089,#262,#1091,.T.);
#1089 = VERTEX_POINT('',#1090);
#1090 = CARTESIAN_POINT('',(-3.570008759479,0.159988494901,
    -4.000000095367));
#1091 = LINE('',#1092,#1093);
#1092 = CARTESIAN_POINT('',(-3.570008759479,0.159988494901,
    -4.000000095367));
#1093 = VECTOR('',#1094,1.);
#1094 = DIRECTION('',(0.,0.,1.));
#1095 = ORIENTED_EDGE('',*,*,#1096,.F.);
#1096 = EDGE_CURVE('',#1097,#1089,#1099,.T.);
#1097 = VERTEX_POINT('',#1098);
#1098 = CARTESIAN_POINT('',(-4.070008745952,0.159988494901,
    -4.000000095367));
#1099 = LINE('',#1100,#1101);
#1100 = CARTESIAN_POINT('',(-4.070008745952,0.159988494901,
    -4.000000095367));
#1101 = VECTOR('',#1102,1.);
#1102 = DIRECTION('',(1.,0.,0.));
#1103 = ORIENTED_EDGE('',*,*,#1104,.T.);
#1104 = EDGE_CURVE('',#1097,#260,#1105,.T.);
#1105 = LINE('',#1106,#1107);
#1106 = CARTESIAN_POINT('',(-4.070008745952,0.159988494901,
    -4.000000095367));
#1107 = VECTOR('',#1108,1.);
#1108 = DIRECTION('',(0.,0.,1.));
#1109 = PLANE('',#1110);
#1110 = AXIS2_PLACEMENT_3D('',#1111,#1112,#1113);
#1111 = CARTESIAN_POINT('',(-4.070008745952,0.159988494901,
    -4.000000095367));
#1112 = DIRECTION('',(0.,-1.,0.));
#1113 = DIRECTION('',(0.,0.,-1.));
#1114 = ADVANCED_FACE('',(#1115),#1133,.F.);
#1115 = FACE_BOUND('',#1116,.T.);
#1116 = EDGE_LOOP('',(#1117,#1118,#1126,#1132));
#1117 = ORIENTED_EDGE('',*,*,#285,.T.);
#1118 = ORIENTED_EDGE('',*,*,#1119,.F.);
#1119 = EDGE_CURVE('',#1120,#278,#1122,.T.);
#1120 = VERTEX_POINT('',#1121);
#1121 = CARTESIAN_POINT('',(-3.570008759479,-0.140011496983,
    -4.000000095367));
#1122 = LINE('',#1123,#1124);
#1123 = CARTESIAN_POINT('',(-3.570008759479,-0.140011496983,
    -4.000000095367));
#1124 = VECTOR('',#1125,1.);
#1125 = DIRECTION('',(0.,0.,1.));
#1126 = ORIENTED_EDGE('',*,*,#1127,.F.);
#1127 = EDGE_CURVE('',#1089,#1120,#1128,.T.);
#1128 = LINE('',#1129,#1130);
#1129 = CARTESIAN_POINT('',(-3.570008759479,0.159988494901,
    -4.000000095367));
#1130 = VECTOR('',#1131,1.);
#1131 = DIRECTION('',(0.,-1.,0.));
#1132 = ORIENTED_EDGE('',*,*,#1088,.T.);
#1133 = PLANE('',#1134);
#1134 = AXIS2_PLACEMENT_3D('',#1135,#1136,#1137);
#1135 = CARTESIAN_POINT('',(-3.570008759479,0.159988494901,
    -4.000000095367));
#1136 = DIRECTION('',(-1.,0.,0.));
#1137 = DIRECTION('',(0.,0.,1.));
#1138 = ADVANCED_FACE('',(#1139),#1157,.F.);
#1139 = FACE_BOUND('',#1140,.T.);
#1140 = EDGE_LOOP('',(#1141,#1142,#1150,#1156));
#1141 = ORIENTED_EDGE('',*,*,#277,.T.);
#1142 = ORIENTED_EDGE('',*,*,#1143,.F.);
#1143 = EDGE_CURVE('',#1144,#270,#1146,.T.);
#1144 = VERTEX_POINT('',#1145);
#1145 = CARTESIAN_POINT('',(-4.070008745952,-0.140011496983,
    -4.000000095367));
#1146 = LINE('',#1147,#1148);
#1147 = CARTESIAN_POINT('',(-4.070008745952,-0.140011496983,
    -4.000000095367));
#1148 = VECTOR('',#1149,1.);
#1149 = DIRECTION('',(0.,0.,1.));
#1150 = ORIENTED_EDGE('',*,*,#1151,.F.);
#1151 = EDGE_CURVE('',#1120,#1144,#1152,.T.);
#1152 = LINE('',#1153,#1154);
#1153 = CARTESIAN_POINT('',(-4.070008745952,-0.140011496983,
    -4.000000095367));
#1154 = VECTOR('',#1155,1.);
#1155 = DIRECTION('',(-1.,-0.,-0.));
#1156 = ORIENTED_EDGE('',*,*,#1119,.T.);
#1157 = PLANE('',#1158);
#1158 = AXIS2_PLACEMENT_3D('',#1159,#1160,#1161);
#1159 = CARTESIAN_POINT('',(-4.070008745952,-0.140011496983,
    -4.000000095367));
#1160 = DIRECTION('',(0.,1.,0.));
#1161 = DIRECTION('',(0.,-0.,1.));
#1162 = ADVANCED_FACE('',(#1163),#1174,.F.);
#1163 = FACE_BOUND('',#1164,.T.);
#1164 = EDGE_LOOP('',(#1165,#1166,#1167,#1173));
#1165 = ORIENTED_EDGE('',*,*,#269,.T.);
#1166 = ORIENTED_EDGE('',*,*,#1104,.F.);
#1167 = ORIENTED_EDGE('',*,*,#1168,.F.);
#1168 = EDGE_CURVE('',#1144,#1097,#1169,.T.);
#1169 = LINE('',#1170,#1171);
#1170 = CARTESIAN_POINT('',(-4.070008745952,0.159988494901,
    -4.000000095367));
#1171 = VECTOR('',#1172,1.);
#1172 = DIRECTION('',(0.,1.,0.));
#1173 = ORIENTED_EDGE('',*,*,#1143,.T.);
#1174 = PLANE('',#1175);
#1175 = AXIS2_PLACEMENT_3D('',#1176,#1177,#1178);
#1176 = CARTESIAN_POINT('',(-4.070008745952,0.159988494901,
    -4.000000095367));
#1177 = DIRECTION('',(1.,0.,0.));
#1178 = DIRECTION('',(0.,0.,-1.));
#1179 = ADVANCED_FACE('',(#1180),#1186,.T.);
#1180 = FACE_BOUND('',#1181,.T.);
#1181 = EDGE_LOOP('',(#1182,#1183,#1184,#1185));
#1182 = ORIENTED_EDGE('',*,*,#1096,.T.);
#1183 = ORIENTED_EDGE('',*,*,#1127,.T.);
#1184 = ORIENTED_EDGE('',*,*,#1151,.T.);
#1185 = ORIENTED_EDGE('',*,*,#1168,.T.);
#1186 = PLANE('',#1187);
#1187 = AXIS2_PLACEMENT_3D('',#1188,#1189,#1190);
#1188 = CARTESIAN_POINT('',(1.254991109982,-2.615011430023,
    -4.000000095367));
#1189 = DIRECTION('',(0.,0.,-1.));
#1190 = DIRECTION('',(-1.,0.,0.));
#1191 = ADVANCED_FACE('',(#1192),#1217,.F.);
#1192 = FACE_BOUND('',#1193,.T.);
#1193 = EDGE_LOOP('',(#1194,#1195,#1203,#1211));
#1194 = ORIENTED_EDGE('',*,*,#352,.T.);
#1195 = ORIENTED_EDGE('',*,*,#1196,.F.);
#1196 = EDGE_CURVE('',#1197,#355,#1199,.T.);
#1197 = VERTEX_POINT('',#1198);
#1198 = CARTESIAN_POINT('',(1.509991103083,0.159988494901,
    -4.000000095367));
#1199 = LINE('',#1200,#1201);
#1200 = CARTESIAN_POINT('',(1.509991103083,0.159988494901,
    -4.000000095367));
#1201 = VECTOR('',#1202,1.);
#1202 = DIRECTION('',(0.,0.,1.));
#1203 = ORIENTED_EDGE('',*,*,#1204,.F.);
#1204 = EDGE_CURVE('',#1205,#1197,#1207,.T.);
#1205 = VERTEX_POINT('',#1206);
#1206 = CARTESIAN_POINT('',(1.009991116611,0.159988494901,
    -4.000000095367));
#1207 = LINE('',#1208,#1209);
#1208 = CARTESIAN_POINT('',(1.009991116611,0.159988494901,
    -4.000000095367));
#1209 = VECTOR('',#1210,1.);
#1210 = DIRECTION('',(1.,0.,0.));
#1211 = ORIENTED_EDGE('',*,*,#1212,.T.);
#1212 = EDGE_CURVE('',#1205,#353,#1213,.T.);
#1213 = LINE('',#1214,#1215);
#1214 = CARTESIAN_POINT('',(1.009991116611,0.159988494901,
    -4.000000095367));
#1215 = VECTOR('',#1216,1.);
#1216 = DIRECTION('',(0.,0.,1.));
#1217 = PLANE('',#1218);
#1218 = AXIS2_PLACEMENT_3D('',#1219,#1220,#1221);
#1219 = CARTESIAN_POINT('',(1.009991116611,0.159988494901,
    -4.000000095367));
#1220 = DIRECTION('',(0.,-1.,0.));
#1221 = DIRECTION('',(0.,0.,-1.));
#1222 = ADVANCED_FACE('',(#1223),#1241,.F.);
#1223 = FACE_BOUND('',#1224,.T.);
#1224 = EDGE_LOOP('',(#1225,#1226,#1234,#1240));
#1225 = ORIENTED_EDGE('',*,*,#378,.T.);
#1226 = ORIENTED_EDGE('',*,*,#1227,.F.);
#1227 = EDGE_CURVE('',#1228,#371,#1230,.T.);
#1228 = VERTEX_POINT('',#1229);
#1229 = CARTESIAN_POINT('',(1.509991103083,-0.140011496983,
    -4.000000095367));
#1230 = LINE('',#1231,#1232);
#1231 = CARTESIAN_POINT('',(1.509991103083,-0.140011496983,
    -4.000000095367));
#1232 = VECTOR('',#1233,1.);
#1233 = DIRECTION('',(0.,0.,1.));
#1234 = ORIENTED_EDGE('',*,*,#1235,.F.);
#1235 = EDGE_CURVE('',#1197,#1228,#1236,.T.);
#1236 = LINE('',#1237,#1238);
#1237 = CARTESIAN_POINT('',(1.509991103083,0.159988494901,
    -4.000000095367));
#1238 = VECTOR('',#1239,1.);
#1239 = DIRECTION('',(0.,-1.,0.));
#1240 = ORIENTED_EDGE('',*,*,#1196,.T.);
#1241 = PLANE('',#1242);
#1242 = AXIS2_PLACEMENT_3D('',#1243,#1244,#1245);
#1243 = CARTESIAN_POINT('',(1.509991103083,0.159988494901,
    -4.000000095367));
#1244 = DIRECTION('',(-1.,0.,0.));
#1245 = DIRECTION('',(0.,0.,1.));
#1246 = ADVANCED_FACE('',(#1247),#1265,.F.);
#1247 = FACE_BOUND('',#1248,.T.);
#1248 = EDGE_LOOP('',(#1249,#1250,#1258,#1264));
#1249 = ORIENTED_EDGE('',*,*,#370,.T.);
#1250 = ORIENTED_EDGE('',*,*,#1251,.F.);
#1251 = EDGE_CURVE('',#1252,#363,#1254,.T.);
#1252 = VERTEX_POINT('',#1253);
#1253 = CARTESIAN_POINT('',(1.009991116611,-0.140011496983,
    -4.000000095367));
#1254 = LINE('',#1255,#1256);
#1255 = CARTESIAN_POINT('',(1.009991116611,-0.140011496983,
    -4.000000095367));
#1256 = VECTOR('',#1257,1.);
#1257 = DIRECTION('',(0.,0.,1.));
#1258 = ORIENTED_EDGE('',*,*,#1259,.F.);
#1259 = EDGE_CURVE('',#1228,#1252,#1260,.T.);
#1260 = LINE('',#1261,#1262);
#1261 = CARTESIAN_POINT('',(1.009991116611,-0.140011496983,
    -4.000000095367));
#1262 = VECTOR('',#1263,1.);
#1263 = DIRECTION('',(-1.,-0.,-0.));
#1264 = ORIENTED_EDGE('',*,*,#1227,.T.);
#1265 = PLANE('',#1266);
#1266 = AXIS2_PLACEMENT_3D('',#1267,#1268,#1269);
#1267 = CARTESIAN_POINT('',(1.009991116611,-0.140011496983,
    -4.000000095367));
#1268 = DIRECTION('',(0.,1.,0.));
#1269 = DIRECTION('',(0.,-0.,1.));
#1270 = ADVANCED_FACE('',(#1271),#1282,.F.);
#1271 = FACE_BOUND('',#1272,.T.);
#1272 = EDGE_LOOP('',(#1273,#1274,#1275,#1281));
#1273 = ORIENTED_EDGE('',*,*,#362,.T.);
#1274 = ORIENTED_EDGE('',*,*,#1212,.F.);
#1275 = ORIENTED_EDGE('',*,*,#1276,.F.);
#1276 = EDGE_CURVE('',#1252,#1205,#1277,.T.);
#1277 = LINE('',#1278,#1279);
#1278 = CARTESIAN_POINT('',(1.009991116611,0.159988494901,
    -4.000000095367));
#1279 = VECTOR('',#1280,1.);
#1280 = DIRECTION('',(0.,1.,0.));
#1281 = ORIENTED_EDGE('',*,*,#1251,.T.);
#1282 = PLANE('',#1283);
#1283 = AXIS2_PLACEMENT_3D('',#1284,#1285,#1286);
#1284 = CARTESIAN_POINT('',(1.009991116611,0.159988494901,
    -4.000000095367));
#1285 = DIRECTION('',(1.,0.,0.));
#1286 = DIRECTION('',(0.,0.,-1.));
#1287 = ADVANCED_FACE('',(#1288),#1294,.T.);
#1288 = FACE_BOUND('',#1289,.T.);
#1289 = EDGE_LOOP('',(#1290,#1291,#1292,#1293));
#1290 = ORIENTED_EDGE('',*,*,#1204,.T.);
#1291 = ORIENTED_EDGE('',*,*,#1235,.T.);
#1292 = ORIENTED_EDGE('',*,*,#1259,.T.);
#1293 = ORIENTED_EDGE('',*,*,#1276,.T.);
#1294 = PLANE('',#1295);
#1295 = AXIS2_PLACEMENT_3D('',#1296,#1297,#1298);
#1296 = CARTESIAN_POINT('',(1.254991109982,-2.615011430023,
    -4.000000095367));
#1297 = DIRECTION('',(0.,0.,-1.));
#1298 = DIRECTION('',(-1.,0.,0.));
#1299 = ADVANCED_FACE('',(#1300),#1325,.F.);
#1300 = FACE_BOUND('',#1301,.T.);
#1301 = EDGE_LOOP('',(#1302,#1303,#1311,#1319));
#1302 = ORIENTED_EDGE('',*,*,#225,.T.);
#1303 = ORIENTED_EDGE('',*,*,#1304,.F.);
#1304 = EDGE_CURVE('',#1305,#228,#1307,.T.);
#1305 = VERTEX_POINT('',#1306);
#1306 = CARTESIAN_POINT('',(6.589990965646,0.159988494901,
    -4.000000095367));
#1307 = LINE('',#1308,#1309);
#1308 = CARTESIAN_POINT('',(6.589990965646,0.159988494901,
    -4.000000095367));
#1309 = VECTOR('',#1310,1.);
#1310 = DIRECTION('',(0.,0.,1.));
#1311 = ORIENTED_EDGE('',*,*,#1312,.F.);
#1312 = EDGE_CURVE('',#1313,#1305,#1315,.T.);
#1313 = VERTEX_POINT('',#1314);
#1314 = CARTESIAN_POINT('',(6.089990979173,0.159988494901,
    -4.000000095367));
#1315 = LINE('',#1316,#1317);
#1316 = CARTESIAN_POINT('',(6.089990979173,0.159988494901,
    -4.000000095367));
#1317 = VECTOR('',#1318,1.);
#1318 = DIRECTION('',(1.,0.,0.));
#1319 = ORIENTED_EDGE('',*,*,#1320,.T.);
#1320 = EDGE_CURVE('',#1313,#226,#1321,.T.);
#1321 = LINE('',#1322,#1323);
#1322 = CARTESIAN_POINT('',(6.089990979173,0.159988494901,
    -4.000000095367));
#1323 = VECTOR('',#1324,1.);
#1324 = DIRECTION('',(0.,0.,1.));
#1325 = PLANE('',#1326);
#1326 = AXIS2_PLACEMENT_3D('',#1327,#1328,#1329);
#1327 = CARTESIAN_POINT('',(6.089990979173,0.159988494901,
    -4.000000095367));
#1328 = DIRECTION('',(0.,-1.,0.));
#1329 = DIRECTION('',(0.,0.,-1.));
#1330 = ADVANCED_FACE('',(#1331),#1349,.F.);
#1331 = FACE_BOUND('',#1332,.T.);
#1332 = EDGE_LOOP('',(#1333,#1334,#1342,#1348));
#1333 = ORIENTED_EDGE('',*,*,#251,.T.);
#1334 = ORIENTED_EDGE('',*,*,#1335,.F.);
#1335 = EDGE_CURVE('',#1336,#244,#1338,.T.);
#1336 = VERTEX_POINT('',#1337);
#1337 = CARTESIAN_POINT('',(6.589990965646,-0.140011496983,
    -4.000000095367));
#1338 = LINE('',#1339,#1340);
#1339 = CARTESIAN_POINT('',(6.589990965646,-0.140011496983,
    -4.000000095367));
#1340 = VECTOR('',#1341,1.);
#1341 = DIRECTION('',(0.,0.,1.));
#1342 = ORIENTED_EDGE('',*,*,#1343,.F.);
#1343 = EDGE_CURVE('',#1305,#1336,#1344,.T.);
#1344 = LINE('',#1345,#1346);
#1345 = CARTESIAN_POINT('',(6.589990965646,0.159988494901,
    -4.000000095367));
#1346 = VECTOR('',#1347,1.);
#1347 = DIRECTION('',(0.,-1.,0.));
#1348 = ORIENTED_EDGE('',*,*,#1304,.T.);
#1349 = PLANE('',#1350);
#1350 = AXIS2_PLACEMENT_3D('',#1351,#1352,#1353);
#1351 = CARTESIAN_POINT('',(6.589990965646,0.159988494901,
    -4.000000095367));
#1352 = DIRECTION('',(-1.,0.,0.));
#1353 = DIRECTION('',(0.,0.,1.));
#1354 = ADVANCED_FACE('',(#1355),#1373,.F.);
#1355 = FACE_BOUND('',#1356,.T.);
#1356 = EDGE_LOOP('',(#1357,#1358,#1366,#1372));
#1357 = ORIENTED_EDGE('',*,*,#243,.T.);
#1358 = ORIENTED_EDGE('',*,*,#1359,.F.);
#1359 = EDGE_CURVE('',#1360,#236,#1362,.T.);
#1360 = VERTEX_POINT('',#1361);
#1361 = CARTESIAN_POINT('',(6.089990979173,-0.140011496983,
    -4.000000095367));
#1362 = LINE('',#1363,#1364);
#1363 = CARTESIAN_POINT('',(6.089990979173,-0.140011496983,
    -4.000000095367));
#1364 = VECTOR('',#1365,1.);
#1365 = DIRECTION('',(0.,0.,1.));
#1366 = ORIENTED_EDGE('',*,*,#1367,.F.);
#1367 = EDGE_CURVE('',#1336,#1360,#1368,.T.);
#1368 = LINE('',#1369,#1370);
#1369 = CARTESIAN_POINT('',(6.089990979173,-0.140011496983,
    -4.000000095367));
#1370 = VECTOR('',#1371,1.);
#1371 = DIRECTION('',(-1.,-0.,-0.));
#1372 = ORIENTED_EDGE('',*,*,#1335,.T.);
#1373 = PLANE('',#1374);
#1374 = AXIS2_PLACEMENT_3D('',#1375,#1376,#1377);
#1375 = CARTESIAN_POINT('',(6.089990979173,-0.140011496983,
    -4.000000095367));
#1376 = DIRECTION('',(0.,1.,0.));
#1377 = DIRECTION('',(0.,-0.,1.));
#1378 = ADVANCED_FACE('',(#1379),#1390,.F.);
#1379 = FACE_BOUND('',#1380,.T.);
#1380 = EDGE_LOOP('',(#1381,#1382,#1383,#1389));
#1381 = ORIENTED_EDGE('',*,*,#235,.T.);
#1382 = ORIENTED_EDGE('',*,*,#1320,.F.);
#1383 = ORIENTED_EDGE('',*,*,#1384,.F.);
#1384 = EDGE_CURVE('',#1360,#1313,#1385,.T.);
#1385 = LINE('',#1386,#1387);
#1386 = CARTESIAN_POINT('',(6.089990979173,0.159988494901,
    -4.000000095367));
#1387 = VECTOR('',#1388,1.);
#1388 = DIRECTION('',(0.,1.,0.));
#1389 = ORIENTED_EDGE('',*,*,#1359,.T.);
#1390 = PLANE('',#1391);
#1391 = AXIS2_PLACEMENT_3D('',#1392,#1393,#1394);
#1392 = CARTESIAN_POINT('',(6.089990979173,0.159988494901,
    -4.000000095367));
#1393 = DIRECTION('',(1.,0.,0.));
#1394 = DIRECTION('',(0.,0.,-1.));
#1395 = ADVANCED_FACE('',(#1396),#1402,.T.);
#1396 = FACE_BOUND('',#1397,.T.);
#1397 = EDGE_LOOP('',(#1398,#1399,#1400,#1401));
#1398 = ORIENTED_EDGE('',*,*,#1312,.T.);
#1399 = ORIENTED_EDGE('',*,*,#1343,.T.);
#1400 = ORIENTED_EDGE('',*,*,#1367,.T.);
#1401 = ORIENTED_EDGE('',*,*,#1384,.T.);
#1402 = PLANE('',#1403);
#1403 = AXIS2_PLACEMENT_3D('',#1404,#1405,#1406);
#1404 = CARTESIAN_POINT('',(1.254991109982,-2.615011430023,
    -4.000000095367));
#1405 = DIRECTION('',(0.,0.,-1.));
#1406 = DIRECTION('',(-1.,0.,0.));
#1407 = ADVANCED_FACE('',(#1408),#1420,.F.);
#1408 = FACE_BOUND('',#1409,.F.);
#1409 = EDGE_LOOP('',(#1410,#1411,#1412,#1419));
#1410 = ORIENTED_EDGE('',*,*,#81,.F.);
#1411 = ORIENTED_EDGE('',*,*,#39,.F.);
#1412 = ORIENTED_EDGE('',*,*,#1413,.T.);
#1413 = EDGE_CURVE('',#40,#59,#1414,.T.);
#1414 = CIRCLE('',#1415,0.37254430817);
#1415 = AXIS2_PLACEMENT_3D('',#1416,#1417,#1418);
#1416 = CARTESIAN_POINT('',(-6.386240867928,-6.130011334926,
    2.138999550683));
#1417 = DIRECTION('',(1.324216393875E-16,-1.,0.));
#1418 = DIRECTION('',(1.,1.324216393875E-16,0.));
#1419 = ORIENTED_EDGE('',*,*,#58,.T.);
#1420 = CYLINDRICAL_SURFACE('',#1421,0.37254430817);
#1421 = AXIS2_PLACEMENT_3D('',#1422,#1423,#1424);
#1422 = CARTESIAN_POINT('',(-6.386240867928,-6.130011334926,
    2.138999550683));
#1423 = DIRECTION('',(1.324216393875E-16,-1.,0.));
#1424 = DIRECTION('',(1.,1.324216393875E-16,0.));
#1425 = ADVANCED_FACE('',(#1426),#1430,.T.);
#1426 = FACE_BOUND('',#1427,.T.);
#1427 = EDGE_LOOP('',(#1428,#1429));
#1428 = ORIENTED_EDGE('',*,*,#1413,.T.);
#1429 = ORIENTED_EDGE('',*,*,#66,.T.);
#1430 = PLANE('',#1431);
#1431 = AXIS2_PLACEMENT_3D('',#1432,#1433,#1434);
#1432 = CARTESIAN_POINT('',(-6.386240867928,-6.130011334926,
    2.138999550683));
#1433 = DIRECTION('',(1.324216393875E-16,-1.,0.));
#1434 = DIRECTION('',(1.,1.324216393875E-16,0.));
#1435 = ADVANCED_FACE('',(#1436),#1448,.T.);
#1436 = FACE_BOUND('',#1437,.T.);
#1437 = EDGE_LOOP('',(#1438,#1439,#1440,#1447));
#1438 = ORIENTED_EDGE('',*,*,#751,.F.);
#1439 = ORIENTED_EDGE('',*,*,#117,.F.);
#1440 = ORIENTED_EDGE('',*,*,#1441,.F.);
#1441 = EDGE_CURVE('',#855,#110,#1442,.T.);
#1442 = CIRCLE('',#1443,9.999999729454E-02);
#1443 = AXIS2_PLACEMENT_3D('',#1444,#1445,#1446);
#1444 = CARTESIAN_POINT('',(-8.470008626912,-6.040011337361,
    10.15999952154));
#1445 = DIRECTION('',(0.,0.,1.));
#1446 = DIRECTION('',(1.,0.,-0.));
#1447 = ORIENTED_EDGE('',*,*,#854,.F.);
#1448 = CYLINDRICAL_SURFACE('',#1449,9.999999729454E-02);
#1449 = AXIS2_PLACEMENT_3D('',#1450,#1451,#1452);
#1450 = CARTESIAN_POINT('',(-8.470008626912,-6.040011337361,
    10.259999518834));
#1451 = DIRECTION('',(0.,0.,-1.));
#1452 = DIRECTION('',(-1.,0.,0.));
#1453 = ADVANCED_FACE('',(#1454),#1481,.T.);
#1454 = FACE_BOUND('',#1455,.T.);
#1455 = EDGE_LOOP('',(#1456,#1465,#1466,#1475));
#1456 = ORIENTED_EDGE('',*,*,#1457,.F.);
#1457 = EDGE_CURVE('',#863,#1458,#1460,.T.);
#1458 = VERTEX_POINT('',#1459);
#1459 = CARTESIAN_POINT('',(-8.470008626912,0.809988477315,
    10.259999518834));
#1460 = CIRCLE('',#1461,9.999999729454E-02);
#1461 = AXIS2_PLACEMENT_3D('',#1462,#1463,#1464);
#1462 = CARTESIAN_POINT('',(-8.470008626912,0.809988477315,
    10.15999952154));
#1463 = DIRECTION('',(0.,1.,0.));
#1464 = DIRECTION('',(0.,-0.,1.));
#1465 = ORIENTED_EDGE('',*,*,#862,.F.);
#1466 = ORIENTED_EDGE('',*,*,#1467,.F.);
#1467 = EDGE_CURVE('',#1468,#855,#1470,.T.);
#1468 = VERTEX_POINT('',#1469);
#1469 = CARTESIAN_POINT('',(-8.470008626912,-6.040011337361,
    10.259999518834));
#1470 = CIRCLE('',#1471,9.999999729454E-02);
#1471 = AXIS2_PLACEMENT_3D('',#1472,#1473,#1474);
#1472 = CARTESIAN_POINT('',(-8.470008626912,-6.040011337361,
    10.15999952154));
#1473 = DIRECTION('',(0.,-1.,0.));
#1474 = DIRECTION('',(0.,0.,-1.));
#1475 = ORIENTED_EDGE('',*,*,#1476,.F.);
#1476 = EDGE_CURVE('',#1458,#1468,#1477,.T.);
#1477 = LINE('',#1478,#1479);
#1478 = CARTESIAN_POINT('',(-8.470008626912,-6.140011334655,
    10.259999518834));
#1479 = VECTOR('',#1480,1.);
#1480 = DIRECTION('',(-0.,-1.,-0.));
#1481 = CYLINDRICAL_SURFACE('',#1482,9.999999729454E-02);
#1482 = AXIS2_PLACEMENT_3D('',#1483,#1484,#1485);
#1483 = CARTESIAN_POINT('',(-8.470008626912,-6.140011334655,
    10.15999952154));
#1484 = DIRECTION('',(0.,-1.,0.));
#1485 = DIRECTION('',(0.,0.,-1.));
#1486 = ADVANCED_FACE('',(#1487),#1512,.F.);
#1487 = FACE_BOUND('',#1488,.T.);
#1488 = EDGE_LOOP('',(#1489,#1497,#1505,#1511));
#1489 = ORIENTED_EDGE('',*,*,#1490,.T.);
#1490 = EDGE_CURVE('',#1468,#1491,#1493,.T.);
#1491 = VERTEX_POINT('',#1492);
#1492 = CARTESIAN_POINT('',(10.979990846876,-6.040011337361,
    10.259999518834));
#1493 = LINE('',#1494,#1495);
#1494 = CARTESIAN_POINT('',(11.079990844171,-6.040011337361,
    10.259999518834));
#1495 = VECTOR('',#1496,1.);
#1496 = DIRECTION('',(1.,1.324216393875E-16,0.));
#1497 = ORIENTED_EDGE('',*,*,#1498,.T.);
#1498 = EDGE_CURVE('',#1491,#1499,#1501,.T.);
#1499 = VERTEX_POINT('',#1500);
#1500 = CARTESIAN_POINT('',(10.979990846876,0.809988477315,
    10.259999518834));
#1501 = LINE('',#1502,#1503);
#1502 = CARTESIAN_POINT('',(10.979990846876,-2.615011430023,
    10.259999518834));
#1503 = VECTOR('',#1504,1.);
#1504 = DIRECTION('',(0.,1.,0.));
#1505 = ORIENTED_EDGE('',*,*,#1506,.T.);
#1506 = EDGE_CURVE('',#1499,#1458,#1507,.T.);
#1507 = LINE('',#1508,#1509);
#1508 = CARTESIAN_POINT('',(1.254991109982,0.809988477315,
    10.259999518834));
#1509 = VECTOR('',#1510,1.);
#1510 = DIRECTION('',(-1.,-1.103513661563E-16,0.));
#1511 = ORIENTED_EDGE('',*,*,#1476,.T.);
#1512 = PLANE('',#1513);
#1513 = AXIS2_PLACEMENT_3D('',#1514,#1515,#1516);
#1514 = CARTESIAN_POINT('',(1.254991109982,-2.615011430023,
    10.259999518834));
#1515 = DIRECTION('',(0.,0.,-1.));
#1516 = DIRECTION('',(-1.,0.,0.));
#1517 = ADVANCED_FACE('',(#1518),#1530,.T.);
#1518 = FACE_BOUND('',#1519,.T.);
#1519 = EDGE_LOOP('',(#1520,#1521,#1522,#1529));
#1520 = ORIENTED_EDGE('',*,*,#768,.F.);
#1521 = ORIENTED_EDGE('',*,*,#870,.F.);
#1522 = ORIENTED_EDGE('',*,*,#1523,.F.);
#1523 = EDGE_CURVE('',#800,#863,#1524,.T.);
#1524 = CIRCLE('',#1525,9.999999729454E-02);
#1525 = AXIS2_PLACEMENT_3D('',#1526,#1527,#1528);
#1526 = CARTESIAN_POINT('',(-8.470008626912,0.809988477315,
    10.15999952154));
#1527 = DIRECTION('',(0.,0.,1.));
#1528 = DIRECTION('',(1.,0.,-0.));
#1529 = ORIENTED_EDGE('',*,*,#839,.F.);
#1530 = CYLINDRICAL_SURFACE('',#1531,9.999999729454E-02);
#1531 = AXIS2_PLACEMENT_3D('',#1532,#1533,#1534);
#1532 = CARTESIAN_POINT('',(-8.470008626912,0.809988477315,
    10.259999518834));
#1533 = DIRECTION('',(0.,0.,1.));
#1534 = DIRECTION('',(1.,0.,-0.));
#1535 = ADVANCED_FACE('',(#1536),#1547,.T.);
#1536 = FACE_BOUND('',#1537,.T.);
#1537 = EDGE_LOOP('',(#1538,#1539,#1540));
#1538 = ORIENTED_EDGE('',*,*,#1467,.T.);
#1539 = ORIENTED_EDGE('',*,*,#1441,.T.);
#1540 = ORIENTED_EDGE('',*,*,#1541,.F.);
#1541 = EDGE_CURVE('',#1468,#110,#1542,.T.);
#1542 = CIRCLE('',#1543,9.999999729454E-02);
#1543 = AXIS2_PLACEMENT_3D('',#1544,#1545,#1546);
#1544 = CARTESIAN_POINT('',(-8.470008626912,-6.040011337361,
    10.15999952154));
#1545 = DIRECTION('',(1.,0.,-0.));
#1546 = DIRECTION('',(0.,0.,1.));
#1547 = SPHERICAL_SURFACE('',#1548,9.999999729454E-02);
#1548 = AXIS2_PLACEMENT_3D('',#1549,#1550,#1551);
#1549 = CARTESIAN_POINT('',(-8.470008626912,-6.040011337361,
    10.15999952154));
#1550 = DIRECTION('',(0.,1.,0.));
#1551 = DIRECTION('',(1.,0.,0.));
#1552 = ADVANCED_FACE('',(#1553),#1564,.T.);
#1553 = FACE_BOUND('',#1554,.T.);
#1554 = EDGE_LOOP('',(#1555,#1556,#1557));
#1555 = ORIENTED_EDGE('',*,*,#1523,.T.);
#1556 = ORIENTED_EDGE('',*,*,#1457,.T.);
#1557 = ORIENTED_EDGE('',*,*,#1558,.F.);
#1558 = EDGE_CURVE('',#800,#1458,#1559,.T.);
#1559 = CIRCLE('',#1560,9.999999729454E-02);
#1560 = AXIS2_PLACEMENT_3D('',#1561,#1562,#1563);
#1561 = CARTESIAN_POINT('',(-8.470008626912,0.809988477315,
    10.15999952154));
#1562 = DIRECTION('',(1.,0.,-0.));
#1563 = DIRECTION('',(0.,0.,1.));
#1564 = SPHERICAL_SURFACE('',#1565,9.999999729454E-02);
#1565 = AXIS2_PLACEMENT_3D('',#1566,#1567,#1568);
#1566 = CARTESIAN_POINT('',(-8.470008626912,0.809988477315,
    10.15999952154));
#1567 = DIRECTION('',(0.,1.,0.));
#1568 = DIRECTION('',(1.,0.,0.));
#1569 = ADVANCED_FACE('',(#1570),#1582,.T.);
#1570 = FACE_BOUND('',#1571,.T.);
#1571 = EDGE_LOOP('',(#1572,#1573,#1574,#1581));
#1572 = ORIENTED_EDGE('',*,*,#902,.F.);
#1573 = ORIENTED_EDGE('',*,*,#941,.F.);
#1574 = ORIENTED_EDGE('',*,*,#1575,.F.);
#1575 = EDGE_CURVE('',#102,#934,#1576,.T.);
#1576 = CIRCLE('',#1577,9.999999729454E-02);
#1577 = AXIS2_PLACEMENT_3D('',#1578,#1579,#1580);
#1578 = CARTESIAN_POINT('',(10.979990846876,-6.040011337361,
    10.15999952154));
#1579 = DIRECTION('',(0.,0.,1.));
#1580 = DIRECTION('',(1.,0.,-0.));
#1581 = ORIENTED_EDGE('',*,*,#101,.F.);
#1582 = CYLINDRICAL_SURFACE('',#1583,9.999999729454E-02);
#1583 = AXIS2_PLACEMENT_3D('',#1584,#1585,#1586);
#1584 = CARTESIAN_POINT('',(10.979990846876,-6.040011337361,
    10.259999518834));
#1585 = DIRECTION('',(0.,0.,1.));
#1586 = DIRECTION('',(1.,0.,-0.));
#1587 = ADVANCED_FACE('',(#1588),#1600,.T.);
#1588 = FACE_BOUND('',#1589,.T.);
#1589 = EDGE_LOOP('',(#1590,#1591,#1592,#1599));
#1590 = ORIENTED_EDGE('',*,*,#1541,.T.);
#1591 = ORIENTED_EDGE('',*,*,#109,.F.);
#1592 = ORIENTED_EDGE('',*,*,#1593,.F.);
#1593 = EDGE_CURVE('',#1491,#102,#1594,.T.);
#1594 = CIRCLE('',#1595,9.999999729454E-02);
#1595 = AXIS2_PLACEMENT_3D('',#1596,#1597,#1598);
#1596 = CARTESIAN_POINT('',(10.979990846876,-6.040011337361,
    10.15999952154));
#1597 = DIRECTION('',(1.,-0.,0.));
#1598 = DIRECTION('',(0.,0.,-1.));
#1599 = ORIENTED_EDGE('',*,*,#1490,.F.);
#1600 = CYLINDRICAL_SURFACE('',#1601,9.999999729454E-02);
#1601 = AXIS2_PLACEMENT_3D('',#1602,#1603,#1604);
#1602 = CARTESIAN_POINT('',(11.079990844171,-6.040011337361,
    10.15999952154));
#1603 = DIRECTION('',(1.,1.324216393875E-16,0.));
#1604 = DIRECTION('',(-1.324216393875E-16,1.,0.));
#1605 = ADVANCED_FACE('',(#1606),#1618,.T.);
#1606 = FACE_BOUND('',#1607,.T.);
#1607 = EDGE_LOOP('',(#1608,#1609,#1610,#1617));
#1608 = ORIENTED_EDGE('',*,*,#1558,.T.);
#1609 = ORIENTED_EDGE('',*,*,#1506,.F.);
#1610 = ORIENTED_EDGE('',*,*,#1611,.F.);
#1611 = EDGE_CURVE('',#802,#1499,#1612,.T.);
#1612 = CIRCLE('',#1613,9.999999729454E-02);
#1613 = AXIS2_PLACEMENT_3D('',#1614,#1615,#1616);
#1614 = CARTESIAN_POINT('',(10.979990846876,0.809988477315,
    10.15999952154));
#1615 = DIRECTION('',(1.,-0.,0.));
#1616 = DIRECTION('',(0.,0.,-1.));
#1617 = ORIENTED_EDGE('',*,*,#799,.F.);
#1618 = CYLINDRICAL_SURFACE('',#1619,9.999999729454E-02);
#1619 = AXIS2_PLACEMENT_3D('',#1620,#1621,#1622);
#1620 = CARTESIAN_POINT('',(1.254991109982,0.809988477315,10.15999952154
    ));
#1621 = DIRECTION('',(-1.,-1.103513661563E-16,0.));
#1622 = DIRECTION('',(1.103513661563E-16,-1.,0.));
#1623 = ADVANCED_FACE('',(#1624),#1636,.T.);
#1624 = FACE_BOUND('',#1625,.T.);
#1625 = EDGE_LOOP('',(#1626,#1627,#1628,#1635));
#1626 = ORIENTED_EDGE('',*,*,#885,.F.);
#1627 = ORIENTED_EDGE('',*,*,#809,.F.);
#1628 = ORIENTED_EDGE('',*,*,#1629,.F.);
#1629 = EDGE_CURVE('',#926,#802,#1630,.T.);
#1630 = CIRCLE('',#1631,9.999999729454E-02);
#1631 = AXIS2_PLACEMENT_3D('',#1632,#1633,#1634);
#1632 = CARTESIAN_POINT('',(10.979990846876,0.809988477315,
    10.15999952154));
#1633 = DIRECTION('',(0.,0.,1.));
#1634 = DIRECTION('',(1.,0.,-0.));
#1635 = ORIENTED_EDGE('',*,*,#925,.F.);
#1636 = CYLINDRICAL_SURFACE('',#1637,9.999999729454E-02);
#1637 = AXIS2_PLACEMENT_3D('',#1638,#1639,#1640);
#1638 = CARTESIAN_POINT('',(10.979990846876,0.809988477315,
    10.259999518834));
#1639 = DIRECTION('',(0.,0.,-1.));
#1640 = DIRECTION('',(-1.,0.,0.));
#1641 = ADVANCED_FACE('',(#1642),#1653,.T.);
#1642 = FACE_BOUND('',#1643,.T.);
#1643 = EDGE_LOOP('',(#1644,#1645,#1646));
#1644 = ORIENTED_EDGE('',*,*,#1593,.T.);
#1645 = ORIENTED_EDGE('',*,*,#1575,.T.);
#1646 = ORIENTED_EDGE('',*,*,#1647,.F.);
#1647 = EDGE_CURVE('',#1491,#934,#1648,.T.);
#1648 = CIRCLE('',#1649,9.999999729454E-02);
#1649 = AXIS2_PLACEMENT_3D('',#1650,#1651,#1652);
#1650 = CARTESIAN_POINT('',(10.979990846876,-6.040011337361,
    10.15999952154));
#1651 = DIRECTION('',(0.,1.,0.));
#1652 = DIRECTION('',(0.,0.,-1.));
#1653 = SPHERICAL_SURFACE('',#1654,9.999999729454E-02);
#1654 = AXIS2_PLACEMENT_3D('',#1655,#1656,#1657);
#1655 = CARTESIAN_POINT('',(10.979990846876,-6.040011337361,
    10.15999952154));
#1656 = DIRECTION('',(0.,1.,0.));
#1657 = DIRECTION('',(1.,0.,0.));
#1658 = ADVANCED_FACE('',(#1659),#1670,.T.);
#1659 = FACE_BOUND('',#1660,.T.);
#1660 = EDGE_LOOP('',(#1661,#1662,#1663));
#1661 = ORIENTED_EDGE('',*,*,#1629,.T.);
#1662 = ORIENTED_EDGE('',*,*,#1611,.T.);
#1663 = ORIENTED_EDGE('',*,*,#1664,.F.);
#1664 = EDGE_CURVE('',#926,#1499,#1665,.T.);
#1665 = CIRCLE('',#1666,9.999999729454E-02);
#1666 = AXIS2_PLACEMENT_3D('',#1667,#1668,#1669);
#1667 = CARTESIAN_POINT('',(10.979990846876,0.809988477315,
    10.15999952154));
#1668 = DIRECTION('',(-4.336808689942E-15,-1.,-0.));
#1669 = DIRECTION('',(-1.,4.336808689942E-15,0.));
#1670 = SPHERICAL_SURFACE('',#1671,9.999999729454E-02);
#1671 = AXIS2_PLACEMENT_3D('',#1672,#1673,#1674);
#1672 = CARTESIAN_POINT('',(10.979990846876,0.809988477315,
    10.15999952154));
#1673 = DIRECTION('',(0.,1.,0.));
#1674 = DIRECTION('',(1.,0.,0.));
#1675 = ADVANCED_FACE('',(#1676),#1682,.T.);
#1676 = FACE_BOUND('',#1677,.T.);
#1677 = EDGE_LOOP('',(#1678,#1679,#1680,#1681));
#1678 = ORIENTED_EDGE('',*,*,#1647,.T.);
#1679 = ORIENTED_EDGE('',*,*,#933,.F.);
#1680 = ORIENTED_EDGE('',*,*,#1664,.T.);
#1681 = ORIENTED_EDGE('',*,*,#1498,.F.);
#1682 = CYLINDRICAL_SURFACE('',#1683,9.999999729454E-02);
#1683 = AXIS2_PLACEMENT_3D('',#1684,#1685,#1686);
#1684 = CARTESIAN_POINT('',(10.979990846876,-2.615011430023,
    10.15999952154));
#1685 = DIRECTION('',(0.,1.,0.));
#1686 = DIRECTION('',(0.,-0.,1.));
#1687 = ADVANCED_FACE('',(#1688),#1715,.T.);
#1688 = FACE_BOUND('',#1689,.T.);
#1689 = EDGE_LOOP('',(#1690,#1698,#1699,#1707));
#1690 = ORIENTED_EDGE('',*,*,#1691,.T.);
#1691 = EDGE_CURVE('',#1692,#399,#1694,.T.);
#1692 = VERTEX_POINT('',#1693);
#1693 = CARTESIAN_POINT('',(0.544435306688,-2.853531296319,
    0.609999779911));
#1694 = LINE('',#1695,#1696);
#1695 = CARTESIAN_POINT('',(0.544435306688,-2.853531296319,
    0.599999780181));
#1696 = VECTOR('',#1697,1.);
#1697 = DIRECTION('',(0.,0.,-1.));
#1698 = ORIENTED_EDGE('',*,*,#398,.T.);
#1699 = ORIENTED_EDGE('',*,*,#1700,.F.);
#1700 = EDGE_CURVE('',#1701,#387,#1703,.T.);
#1701 = VERTEX_POINT('',#1702);
#1702 = CARTESIAN_POINT('',(0.496702838467,-2.713287397674,
    0.609999779911));
#1703 = LINE('',#1704,#1705);
#1704 = CARTESIAN_POINT('',(0.496702838467,-2.713287397674,
    0.599999780181));
#1705 = VECTOR('',#1706,1.);
#1706 = DIRECTION('',(0.,0.,-1.));
#1707 = ORIENTED_EDGE('',*,*,#1708,.F.);
#1708 = EDGE_CURVE('',#1692,#1701,#1709,.T.);
#1709 = B_SPLINE_CURVE_WITH_KNOTS('',3,(#1710,#1711,#1712,#1713,#1714),
  .UNSPECIFIED.,.F.,.F.,(4,1,4),(0.,0.5,1.),.QUASI_UNIFORM_KNOTS.);
#1710 = CARTESIAN_POINT('',(0.544435306688,-2.853531296319,
    0.609999779911));
#1711 = CARTESIAN_POINT('',(0.536479895318,-2.830157313211,
    0.609999779911));
#1712 = CARTESIAN_POINT('',(0.520569072578,-2.783409346996,
    0.609999779911));
#1713 = CARTESIAN_POINT('',(0.504658249837,-2.736661380781,
    0.609999779911));
#1714 = CARTESIAN_POINT('',(0.496702838467,-2.713287397674,
    0.609999779911));
#1715 = PLANE('',#1716);
#1716 = AXIS2_PLACEMENT_3D('',#1717,#1718,#1719);
#1717 = CARTESIAN_POINT('',(0.544435306688,-2.853531296319,
    0.599999780181));
#1718 = DIRECTION('',(0.946670776072,0.322202485606,0.));
#1719 = DIRECTION('',(-0.322202485606,0.946670776072,0.));
#1720 = ADVANCED_FACE('',(#1721),#1739,.T.);
#1721 = FACE_BOUND('',#1722,.T.);
#1722 = EDGE_LOOP('',(#1723,#1724,#1725,#1733));
#1723 = ORIENTED_EDGE('',*,*,#1700,.T.);
#1724 = ORIENTED_EDGE('',*,*,#386,.T.);
#1725 = ORIENTED_EDGE('',*,*,#1726,.F.);
#1726 = EDGE_CURVE('',#1727,#389,#1729,.T.);
#1727 = VERTEX_POINT('',#1728);
#1728 = CARTESIAN_POINT('',(0.290147966007,-2.713287397674,
    0.609999779911));
#1729 = LINE('',#1730,#1731);
#1730 = CARTESIAN_POINT('',(0.290147966007,-2.713287397674,
    0.599999780181));
#1731 = VECTOR('',#1732,1.);
#1732 = DIRECTION('',(0.,0.,-1.));
#1733 = ORIENTED_EDGE('',*,*,#1734,.F.);
#1734 = EDGE_CURVE('',#1701,#1727,#1735,.T.);
#1735 = LINE('',#1736,#1737);
#1736 = CARTESIAN_POINT('',(-8.070008637734,-2.713287397674,
    0.609999779911));
#1737 = VECTOR('',#1738,1.);
#1738 = DIRECTION('',(-1.,0.,0.));
#1739 = PLANE('',#1740);
#1740 = AXIS2_PLACEMENT_3D('',#1741,#1742,#1743);
#1741 = CARTESIAN_POINT('',(0.496702838467,-2.713287397674,
    0.599999780181));
#1742 = DIRECTION('',(7.873468175098E-16,1.,0.));
#1743 = DIRECTION('',(-1.,7.873468175098E-16,0.));
#1744 = ADVANCED_FACE('',(#1745),#1765,.T.);
#1745 = FACE_BOUND('',#1746,.T.);
#1746 = EDGE_LOOP('',(#1747,#1748,#1749,#1757));
#1747 = ORIENTED_EDGE('',*,*,#1726,.T.);
#1748 = ORIENTED_EDGE('',*,*,#458,.T.);
#1749 = ORIENTED_EDGE('',*,*,#1750,.F.);
#1750 = EDGE_CURVE('',#1751,#449,#1753,.T.);
#1751 = VERTEX_POINT('',#1752);
#1752 = CARTESIAN_POINT('',(0.239557266156,-2.853531296319,
    0.609999779911));
#1753 = LINE('',#1754,#1755);
#1754 = CARTESIAN_POINT('',(0.239557266156,-2.853531296319,
    0.599999780181));
#1755 = VECTOR('',#1756,1.);
#1756 = DIRECTION('',(0.,0.,-1.));
#1757 = ORIENTED_EDGE('',*,*,#1758,.F.);
#1758 = EDGE_CURVE('',#1727,#1751,#1759,.T.);
#1759 = B_SPLINE_CURVE_WITH_KNOTS('',3,(#1760,#1761,#1762,#1763,#1764),
  .UNSPECIFIED.,.F.,.F.,(4,1,4),(0.,0.5,1.),.QUASI_UNIFORM_KNOTS.);
#1760 = CARTESIAN_POINT('',(0.290147966007,-2.713287397674,
    0.609999779911));
#1761 = CARTESIAN_POINT('',(0.281716182698,-2.736661380781,
    0.609999779911));
#1762 = CARTESIAN_POINT('',(0.264852616081,-2.783409346996,
    0.609999779911));
#1763 = CARTESIAN_POINT('',(0.247989049464,-2.830157313211,
    0.609999779911));
#1764 = CARTESIAN_POINT('',(0.239557266156,-2.853531296319,
    0.609999779911));
#1765 = PLANE('',#1766);
#1766 = AXIS2_PLACEMENT_3D('',#1767,#1768,#1769);
#1767 = CARTESIAN_POINT('',(0.290147966007,-2.713287397674,
    0.599999780181));
#1768 = DIRECTION('',(-0.940667260544,0.339330377275,0.));
#1769 = DIRECTION('',(-0.339330377275,-0.940667260544,0.));
#1770 = ADVANCED_FACE('',(#1771),#1789,.T.);
#1771 = FACE_BOUND('',#1772,.T.);
#1772 = EDGE_LOOP('',(#1773,#1774,#1775,#1783));
#1773 = ORIENTED_EDGE('',*,*,#1750,.T.);
#1774 = ORIENTED_EDGE('',*,*,#448,.T.);
#1775 = ORIENTED_EDGE('',*,*,#1776,.F.);
#1776 = EDGE_CURVE('',#1777,#439,#1779,.T.);
#1777 = VERTEX_POINT('',#1778);
#1778 = CARTESIAN_POINT('',(0.166386536428,-2.853531296319,
    0.609999779911));
#1779 = LINE('',#1780,#1781);
#1780 = CARTESIAN_POINT('',(0.166386536428,-2.853531296319,
    0.599999780181));
#1781 = VECTOR('',#1782,1.);
#1782 = DIRECTION('',(0.,0.,-1.));
#1783 = ORIENTED_EDGE('',*,*,#1784,.F.);
#1784 = EDGE_CURVE('',#1751,#1777,#1785,.T.);
#1785 = LINE('',#1786,#1787);
#1786 = CARTESIAN_POINT('',(-8.070008637734,-2.853531296319,
    0.609999779911));
#1787 = VECTOR('',#1788,1.);
#1788 = DIRECTION('',(-1.,0.,0.));
#1789 = PLANE('',#1790);
#1790 = AXIS2_PLACEMENT_3D('',#1791,#1792,#1793);
#1791 = CARTESIAN_POINT('',(0.239557266156,-2.853531296319,
    0.599999780181));
#1792 = DIRECTION('',(0.,1.,0.));
#1793 = DIRECTION('',(-1.,0.,0.));
#1794 = ADVANCED_FACE('',(#1795),#1815,.T.);
#1795 = FACE_BOUND('',#1796,.T.);
#1796 = EDGE_LOOP('',(#1797,#1798,#1799,#1807));
#1797 = ORIENTED_EDGE('',*,*,#1776,.T.);
#1798 = ORIENTED_EDGE('',*,*,#438,.T.);
#1799 = ORIENTED_EDGE('',*,*,#1800,.F.);
#1800 = EDGE_CURVE('',#1801,#429,#1803,.T.);
#1801 = VERTEX_POINT('',#1802);
#1802 = CARTESIAN_POINT('',(0.361508482369,-2.353531309846,
    0.609999779911));
#1803 = LINE('',#1804,#1805);
#1804 = CARTESIAN_POINT('',(0.361508482369,-2.353531309846,
    0.599999780181));
#1805 = VECTOR('',#1806,1.);
#1806 = DIRECTION('',(0.,0.,-1.));
#1807 = ORIENTED_EDGE('',*,*,#1808,.F.);
#1808 = EDGE_CURVE('',#1777,#1801,#1809,.T.);
#1809 = B_SPLINE_CURVE_WITH_KNOTS('',3,(#1810,#1811,#1812,#1813,#1814),
  .UNSPECIFIED.,.F.,.F.,(4,1,4),(0.,0.5,1.),.QUASI_UNIFORM_KNOTS.);
#1810 = CARTESIAN_POINT('',(0.166386536428,-2.853531296319,
    0.609999779911));
#1811 = CARTESIAN_POINT('',(0.198906860751,-2.77019796524,0.609999779911
    ));
#1812 = CARTESIAN_POINT('',(0.263947509398,-2.603531303082,
    0.609999779911));
#1813 = CARTESIAN_POINT('',(0.328988158045,-2.436864640925,
    0.609999779911));
#1814 = CARTESIAN_POINT('',(0.361508482369,-2.353531309846,
    0.609999779911));
#1815 = PLANE('',#1816);
#1816 = AXIS2_PLACEMENT_3D('',#1817,#1818,#1819);
#1817 = CARTESIAN_POINT('',(0.166386536428,-2.853531296319,
    0.599999780181));
#1818 = DIRECTION('',(0.931577619485,-0.363542485653,0.));
#1819 = DIRECTION('',(0.363542485653,0.931577619485,0.));
#1820 = ADVANCED_FACE('',(#1821),#1839,.T.);
#1821 = FACE_BOUND('',#1822,.T.);
#1822 = EDGE_LOOP('',(#1823,#1824,#1825,#1833));
#1823 = ORIENTED_EDGE('',*,*,#1800,.T.);
#1824 = ORIENTED_EDGE('',*,*,#428,.T.);
#1825 = ORIENTED_EDGE('',*,*,#1826,.F.);
#1826 = EDGE_CURVE('',#1827,#419,#1829,.T.);
#1827 = VERTEX_POINT('',#1828);
#1828 = CARTESIAN_POINT('',(0.428581651286,-2.353531309846,
    0.609999779911));
#1829 = LINE('',#1830,#1831);
#1830 = CARTESIAN_POINT('',(0.428581651286,-2.353531309846,
    0.599999780181));
#1831 = VECTOR('',#1832,1.);
#1832 = DIRECTION('',(0.,0.,-1.));
#1833 = ORIENTED_EDGE('',*,*,#1834,.F.);
#1834 = EDGE_CURVE('',#1801,#1827,#1835,.T.);
#1835 = LINE('',#1836,#1837);
#1836 = CARTESIAN_POINT('',(-8.070008637734,-2.353531309846,
    0.609999779911));
#1837 = VECTOR('',#1838,1.);
#1838 = DIRECTION('',(1.,0.,0.));
#1839 = PLANE('',#1840);
#1840 = AXIS2_PLACEMENT_3D('',#1841,#1842,#1843);
#1841 = CARTESIAN_POINT('',(0.361508482369,-2.353531309846,
    0.599999780181));
#1842 = DIRECTION('',(0.,-1.,0.));
#1843 = DIRECTION('',(1.,0.,0.));
#1844 = ADVANCED_FACE('',(#1845),#1865,.T.);
#1845 = FACE_BOUND('',#1846,.T.);
#1846 = EDGE_LOOP('',(#1847,#1848,#1849,#1857));
#1847 = ORIENTED_EDGE('',*,*,#1826,.T.);
#1848 = ORIENTED_EDGE('',*,*,#418,.T.);
#1849 = ORIENTED_EDGE('',*,*,#1850,.F.);
#1850 = EDGE_CURVE('',#1851,#409,#1853,.T.);
#1851 = VERTEX_POINT('',#1852);
#1852 = CARTESIAN_POINT('',(0.617606036416,-2.853531296319,
    0.609999779911));
#1853 = LINE('',#1854,#1855);
#1854 = CARTESIAN_POINT('',(0.617606036416,-2.853531296319,
    0.599999780181));
#1855 = VECTOR('',#1856,1.);
#1856 = DIRECTION('',(0.,0.,-1.));
#1857 = ORIENTED_EDGE('',*,*,#1858,.F.);
#1858 = EDGE_CURVE('',#1827,#1851,#1859,.T.);
#1859 = B_SPLINE_CURVE_WITH_KNOTS('',3,(#1860,#1861,#1862,#1863,#1864),
  .UNSPECIFIED.,.F.,.F.,(4,1,4),(0.,0.5,1.),.QUASI_UNIFORM_KNOTS.);
#1860 = CARTESIAN_POINT('',(0.428581651286,-2.353531309846,
    0.609999779911));
#1861 = CARTESIAN_POINT('',(0.460085715474,-2.436864640925,
    0.609999779911));
#1862 = CARTESIAN_POINT('',(0.523093843851,-2.603531303082,
    0.609999779911));
#1863 = CARTESIAN_POINT('',(0.586101972227,-2.77019796524,0.609999779911
    ));
#1864 = CARTESIAN_POINT('',(0.617606036416,-2.853531296319,
    0.609999779911));
#1865 = PLANE('',#1866);
#1866 = AXIS2_PLACEMENT_3D('',#1867,#1868,#1869);
#1867 = CARTESIAN_POINT('',(0.428581651286,-2.353531309846,
    0.599999780181));
#1868 = DIRECTION('',(-0.93538826358,-0.353622392329,0.));
#1869 = DIRECTION('',(0.353622392329,-0.93538826358,0.));
#1870 = ADVANCED_FACE('',(#1871),#1882,.T.);
#1871 = FACE_BOUND('',#1872,.T.);
#1872 = EDGE_LOOP('',(#1873,#1879,#1880,#1881));
#1873 = ORIENTED_EDGE('',*,*,#1874,.F.);
#1874 = EDGE_CURVE('',#1851,#1692,#1875,.T.);
#1875 = LINE('',#1876,#1877);
#1876 = CARTESIAN_POINT('',(-8.070008637734,-2.853531296319,
    0.609999779911));
#1877 = VECTOR('',#1878,1.);
#1878 = DIRECTION('',(-1.,0.,0.));
#1879 = ORIENTED_EDGE('',*,*,#1850,.T.);
#1880 = ORIENTED_EDGE('',*,*,#408,.T.);
#1881 = ORIENTED_EDGE('',*,*,#1691,.F.);
#1882 = PLANE('',#1883);
#1883 = AXIS2_PLACEMENT_3D('',#1884,#1885,#1886);
#1884 = CARTESIAN_POINT('',(0.617606036416,-2.853531296319,
    0.599999780181));
#1885 = DIRECTION('',(-2.222614453595E-15,1.,0.));
#1886 = DIRECTION('',(-1.,-2.222614453595E-15,0.));
#1887 = ADVANCED_FACE('',(#1888,#1938),#1948,.F.);
#1888 = FACE_BOUND('',#1889,.T.);
#1889 = EDGE_LOOP('',(#1890,#1902,#1912,#1922,#1932));
#1890 = ORIENTED_EDGE('',*,*,#1891,.T.);
#1891 = EDGE_CURVE('',#1892,#1894,#1896,.T.);
#1892 = VERTEX_POINT('',#1893);
#1893 = CARTESIAN_POINT('',(0.47983927185,-2.658409350378,0.609999779911
    ));
#1894 = VERTEX_POINT('',#1895);
#1895 = CARTESIAN_POINT('',(0.405239426307,-2.449567892614,
    0.609999779911));
#1896 = B_SPLINE_CURVE_WITH_KNOTS('',3,(#1897,#1898,#1899,#1900,#1901),
  .UNSPECIFIED.,.F.,.F.,(4,1,4),(0.,0.5,1.),.QUASI_UNIFORM_KNOTS.);
#1897 = CARTESIAN_POINT('',(0.47983927185,-2.658409350378,0.609999779911
    ));
#1898 = CARTESIAN_POINT('',(0.46740596426,-2.623602440751,0.609999779911
    ));
#1899 = CARTESIAN_POINT('',(0.442539349079,-2.553988621496,
    0.609999779911));
#1900 = CARTESIAN_POINT('',(0.417672733898,-2.484374802241,
    0.609999779911));
#1901 = CARTESIAN_POINT('',(0.405239426307,-2.449567892614,
    0.609999779911));
#1902 = ORIENTED_EDGE('',*,*,#1903,.T.);
#1903 = EDGE_CURVE('',#1894,#1904,#1906,.T.);
#1904 = VERTEX_POINT('',#1905);
#1905 = CARTESIAN_POINT('',(0.397236377743,-2.414506917953,
    0.609999779911));
#1906 = B_SPLINE_CURVE_WITH_KNOTS('',3,(#1907,#1908,#1909,#1910,#1911),
  .UNSPECIFIED.,.F.,.F.,(4,1,4),(0.,0.439928498486,1.),.UNSPECIFIED.);
#1907 = CARTESIAN_POINT('',(0.405239426307,-2.449567892614,
    0.609999779911));
#1908 = CARTESIAN_POINT('',(0.403681316682,-2.444516559091,
    0.609999779911));
#1909 = CARTESIAN_POINT('',(0.4001395829,-2.433034389739,0.609999779911)
  );
#1910 = CARTESIAN_POINT('',(0.398278639248,-2.42115834959,0.609999779911
    ));
#1911 = CARTESIAN_POINT('',(0.397236377743,-2.414506917953,
    0.609999779911));
#1912 = ORIENTED_EDGE('',*,*,#1913,.T.);
#1913 = EDGE_CURVE('',#1904,#1914,#1916,.T.);
#1914 = VERTEX_POINT('',#1915);
#1915 = CARTESIAN_POINT('',(0.387899487752,-2.449567892614,
    0.609999779911));
#1916 = B_SPLINE_CURVE_WITH_KNOTS('',3,(#1917,#1918,#1919,#1920,#1921),
  .UNSPECIFIED.,.F.,.F.,(4,1,4),(0.,0.445878683459,1.),.UNSPECIFIED.);
#1917 = CARTESIAN_POINT('',(0.397236377743,-2.414506917953,
    0.609999779911));
#1918 = CARTESIAN_POINT('',(0.39570525112,-2.419679410298,0.609999779911
    ));
#1919 = CARTESIAN_POINT('',(0.392271297714,-2.431280082269,
    0.609999779911));
#1920 = CARTESIAN_POINT('',(0.389458254797,-2.443047381353,
    0.609999779911));
#1921 = CARTESIAN_POINT('',(0.387899487752,-2.449567892614,
    0.609999779911));
#1922 = ORIENTED_EDGE('',*,*,#1923,.T.);
#1923 = EDGE_CURVE('',#1914,#1924,#1926,.T.);
#1924 = VERTEX_POINT('',#1925);
#1925 = CARTESIAN_POINT('',(0.312632721496,-2.658409350378,
    0.609999779911));
#1926 = B_SPLINE_CURVE_WITH_KNOTS('',3,(#1927,#1928,#1929,#1930,#1931),
  .UNSPECIFIED.,.F.,.F.,(4,1,4),(0.,0.5,1.),.QUASI_UNIFORM_KNOTS.);
#1927 = CARTESIAN_POINT('',(0.387899487752,-2.449567892614,
    0.609999779911));
#1928 = CARTESIAN_POINT('',(0.375355026709,-2.484374802241,
    0.609999779911));
#1929 = CARTESIAN_POINT('',(0.350266104624,-2.553988621496,
    0.609999779911));
#1930 = CARTESIAN_POINT('',(0.325177182539,-2.623602440751,
    0.609999779911));
#1931 = CARTESIAN_POINT('',(0.312632721496,-2.658409350378,
    0.609999779911));
#1932 = ORIENTED_EDGE('',*,*,#1933,.T.);
#1933 = EDGE_CURVE('',#1924,#1892,#1934,.T.);
#1934 = LINE('',#1935,#1936);
#1935 = CARTESIAN_POINT('',(-8.070008637734,-2.658409350378,
    0.609999779911));
#1936 = VECTOR('',#1937,1.);
#1937 = DIRECTION('',(1.,0.,0.));
#1938 = FACE_BOUND('',#1939,.T.);
#1939 = EDGE_LOOP('',(#1940,#1941,#1942,#1943,#1944,#1945,#1946,#1947));
#1940 = ORIENTED_EDGE('',*,*,#1858,.T.);
#1941 = ORIENTED_EDGE('',*,*,#1874,.T.);
#1942 = ORIENTED_EDGE('',*,*,#1708,.T.);
#1943 = ORIENTED_EDGE('',*,*,#1734,.T.);
#1944 = ORIENTED_EDGE('',*,*,#1758,.T.);
#1945 = ORIENTED_EDGE('',*,*,#1784,.T.);
#1946 = ORIENTED_EDGE('',*,*,#1808,.T.);
#1947 = ORIENTED_EDGE('',*,*,#1834,.T.);
#1948 = PLANE('',#1949);
#1949 = AXIS2_PLACEMENT_3D('',#1950,#1951,#1952);
#1950 = CARTESIAN_POINT('',(-8.070008637734,0.90998847461,0.609999779911
    ));
#1951 = DIRECTION('',(0.,0.,1.));
#1952 = DIRECTION('',(1.,0.,-0.));
#1953 = ADVANCED_FACE('',(#1954),#1981,.T.);
#1954 = FACE_BOUND('',#1955,.T.);
#1955 = EDGE_LOOP('',(#1956,#1964,#1965,#1973));
#1956 = ORIENTED_EDGE('',*,*,#1957,.F.);
#1957 = EDGE_CURVE('',#1894,#1958,#1960,.T.);
#1958 = VERTEX_POINT('',#1959);
#1959 = CARTESIAN_POINT('',(0.405239426307,-2.449567892614,
    0.599999780181));
#1960 = LINE('',#1961,#1962);
#1961 = CARTESIAN_POINT('',(0.405239426307,-2.449567892614,
    0.599999780181));
#1962 = VECTOR('',#1963,1.);
#1963 = DIRECTION('',(0.,0.,-1.));
#1964 = ORIENTED_EDGE('',*,*,#1891,.F.);
#1965 = ORIENTED_EDGE('',*,*,#1966,.T.);
#1966 = EDGE_CURVE('',#1892,#1967,#1969,.T.);
#1967 = VERTEX_POINT('',#1968);
#1968 = CARTESIAN_POINT('',(0.47983927185,-2.658409350378,0.599999780181
    ));
#1969 = LINE('',#1970,#1971);
#1970 = CARTESIAN_POINT('',(0.47983927185,-2.658409350378,0.599999780181
    ));
#1971 = VECTOR('',#1972,1.);
#1972 = DIRECTION('',(0.,0.,-1.));
#1973 = ORIENTED_EDGE('',*,*,#1974,.T.);
#1974 = EDGE_CURVE('',#1967,#1958,#1975,.T.);
#1975 = B_SPLINE_CURVE_WITH_KNOTS('',3,(#1976,#1977,#1978,#1979,#1980),
  .UNSPECIFIED.,.F.,.F.,(4,1,4),(0.,0.5,0.999980955454),.UNSPECIFIED.);
#1976 = CARTESIAN_POINT('',(0.47983927185,-2.658409350378,0.599999780181
    ));
#1977 = CARTESIAN_POINT('',(0.46740596426,-2.623602440751,0.599999780181
    ));
#1978 = CARTESIAN_POINT('',(0.442539822652,-2.55398994726,0.599999780181
    ));
#1979 = CARTESIAN_POINT('',(0.417673681045,-2.484377453768,
    0.599999780181));
#1980 = CARTESIAN_POINT('',(0.405239426307,-2.449567892614,
    0.599999780181));
#1981 = PLANE('',#1982);
#1982 = AXIS2_PLACEMENT_3D('',#1983,#1984,#1985);
#1983 = CARTESIAN_POINT('',(0.47983927185,-2.658409350378,0.599999780181
    ));
#1984 = DIRECTION('',(0.941722470297,0.336390827665,0.));
#1985 = DIRECTION('',(-0.336390827665,0.941722470297,0.));
#1986 = ADVANCED_FACE('',(#1987),#2007,.T.);
#1987 = FACE_BOUND('',#1988,.T.);
#1988 = EDGE_LOOP('',(#1989,#1990,#1991,#1999));
#1989 = ORIENTED_EDGE('',*,*,#1966,.F.);
#1990 = ORIENTED_EDGE('',*,*,#1933,.F.);
#1991 = ORIENTED_EDGE('',*,*,#1992,.T.);
#1992 = EDGE_CURVE('',#1924,#1993,#1995,.T.);
#1993 = VERTEX_POINT('',#1994);
#1994 = CARTESIAN_POINT('',(0.312632721496,-2.658409350378,
    0.599999780181));
#1995 = LINE('',#1996,#1997);
#1996 = CARTESIAN_POINT('',(0.312632721496,-2.658409350378,
    0.599999780181));
#1997 = VECTOR('',#1998,1.);
#1998 = DIRECTION('',(0.,0.,-1.));
#1999 = ORIENTED_EDGE('',*,*,#2000,.T.);
#2000 = EDGE_CURVE('',#1993,#1967,#2001,.T.);
#2001 = B_SPLINE_CURVE_WITH_KNOTS('',3,(#2002,#2003,#2004,#2005,#2006),
  .UNSPECIFIED.,.F.,.F.,(4,1,4),(0.,0.5,0.999996824634),.UNSPECIFIED.);
#2002 = CARTESIAN_POINT('',(0.312632721496,-2.658409350378,
    0.599999780181));
#2003 = CARTESIAN_POINT('',(0.340500479888,-2.658409350378,
    0.599999780181));
#2004 = CARTESIAN_POINT('',(0.396235996673,-2.658409350378,
    0.599999780181));
#2005 = CARTESIAN_POINT('',(0.451971513458,-2.658409350378,
    0.599999780181));
#2006 = CARTESIAN_POINT('',(0.47983927185,-2.658409350378,0.599999780181
    ));
#2007 = PLANE('',#2008);
#2008 = AXIS2_PLACEMENT_3D('',#2009,#2010,#2011);
#2009 = CARTESIAN_POINT('',(0.312632721496,-2.658409350378,
    0.599999780181));
#2010 = DIRECTION('',(-2.674736026207E-15,-1.,0.));
#2011 = DIRECTION('',(1.,-2.674736026207E-15,0.));
#2012 = ADVANCED_FACE('',(#2013),#2033,.T.);
#2013 = FACE_BOUND('',#2014,.T.);
#2014 = EDGE_LOOP('',(#2015,#2016,#2017,#2025));
#2015 = ORIENTED_EDGE('',*,*,#1992,.F.);
#2016 = ORIENTED_EDGE('',*,*,#1923,.F.);
#2017 = ORIENTED_EDGE('',*,*,#2018,.T.);
#2018 = EDGE_CURVE('',#1914,#2019,#2021,.T.);
#2019 = VERTEX_POINT('',#2020);
#2020 = CARTESIAN_POINT('',(0.387899487752,-2.449567892614,
    0.599999780181));
#2021 = LINE('',#2022,#2023);
#2022 = CARTESIAN_POINT('',(0.387899487752,-2.449567892614,
    0.599999780181));
#2023 = VECTOR('',#2024,1.);
#2024 = DIRECTION('',(0.,0.,-1.));
#2025 = ORIENTED_EDGE('',*,*,#2026,.T.);
#2026 = EDGE_CURVE('',#2019,#1993,#2027,.T.);
#2027 = B_SPLINE_CURVE_WITH_KNOTS('',3,(#2028,#2029,#2030,#2031,#2032),
  .UNSPECIFIED.,.F.,.F.,(4,1,4),(0.,0.5,0.999997605839),.UNSPECIFIED.);
#2028 = CARTESIAN_POINT('',(0.387899487752,-2.449567892614,
    0.599999780181));
#2029 = CARTESIAN_POINT('',(0.375355026709,-2.484374802241,
    0.599999780181));
#2030 = CARTESIAN_POINT('',(0.350266104624,-2.553988621496,
    0.599999780181));
#2031 = CARTESIAN_POINT('',(0.325177182539,-2.623602440751,
    0.599999780181));
#2032 = CARTESIAN_POINT('',(0.312632721496,-2.658409350378,
    0.599999780181));
#2033 = PLANE('',#2034);
#2034 = AXIS2_PLACEMENT_3D('',#2035,#2036,#2037);
#2035 = CARTESIAN_POINT('',(0.387899487752,-2.449567892614,
    0.599999780181));
#2036 = DIRECTION('',(-0.940766986967,0.339053795485,0.));
#2037 = DIRECTION('',(-0.339053795485,-0.940766986967,0.));
#2038 = ADVANCED_FACE('',(#2039),#2059,.T.);
#2039 = FACE_BOUND('',#2040,.T.);
#2040 = EDGE_LOOP('',(#2041,#2042,#2043,#2051));
#2041 = ORIENTED_EDGE('',*,*,#2018,.F.);
#2042 = ORIENTED_EDGE('',*,*,#1913,.F.);
#2043 = ORIENTED_EDGE('',*,*,#2044,.T.);
#2044 = EDGE_CURVE('',#1904,#2045,#2047,.T.);
#2045 = VERTEX_POINT('',#2046);
#2046 = CARTESIAN_POINT('',(0.397236377743,-2.414506917953,
    0.599999780181));
#2047 = LINE('',#2048,#2049);
#2048 = CARTESIAN_POINT('',(0.397236377743,-2.414506917953,
    0.599999780181));
#2049 = VECTOR('',#2050,1.);
#2050 = DIRECTION('',(0.,0.,-1.));
#2051 = ORIENTED_EDGE('',*,*,#2052,.T.);
#2052 = EDGE_CURVE('',#2045,#2019,#2053,.T.);
#2053 = B_SPLINE_CURVE_WITH_KNOTS('',3,(#2054,#2055,#2056,#2057,#2058),
  .UNSPECIFIED.,.F.,.F.,(4,1,4),(0.,0.445878683459,0.999875930168),
  .UNSPECIFIED.);
#2054 = CARTESIAN_POINT('',(0.397236377743,-2.414506917953,
    0.599999780181));
#2055 = CARTESIAN_POINT('',(0.39570525112,-2.419679410298,0.599999780181
    ));
#2056 = CARTESIAN_POINT('',(0.392271723764,-2.431278642975,
    0.599999780181));
#2057 = CARTESIAN_POINT('',(0.389458952834,-2.443044461422,
    0.599999780181));
#2058 = CARTESIAN_POINT('',(0.387899487752,-2.449567892614,
    0.599999780181));
#2059 = B_SPLINE_SURFACE_WITH_KNOTS('',3,1,(
    (#2060,#2061)
    ,(#2062,#2063)
    ,(#2064,#2065)
    ,(#2066,#2067)
    ,(#2068,#2069
    )),.UNSPECIFIED.,.F.,.F.,.F.,(4,1,4),(2,2),(0.,0.445878683459,1.),(
    0.,1.),.UNSPECIFIED.);
#2060 = CARTESIAN_POINT('',(0.397236377743,-2.414506917953,
    0.599999780181));
#2061 = CARTESIAN_POINT('',(0.397236377743,-2.414506917953,
    0.609999779911));
#2062 = CARTESIAN_POINT('',(0.39570525112,-2.419679410298,0.599999780181
    ));
#2063 = CARTESIAN_POINT('',(0.39570525112,-2.419679410298,0.609999779911
    ));
#2064 = CARTESIAN_POINT('',(0.392271297714,-2.431280082269,
    0.599999780181));
#2065 = CARTESIAN_POINT('',(0.392271297714,-2.431280082269,
    0.609999779911));
#2066 = CARTESIAN_POINT('',(0.389458254797,-2.443047381353,
    0.599999780181));
#2067 = CARTESIAN_POINT('',(0.389458254797,-2.443047381353,
    0.609999779911));
#2068 = CARTESIAN_POINT('',(0.387899487752,-2.449567892614,
    0.599999780181));
#2069 = CARTESIAN_POINT('',(0.387899487752,-2.449567892614,
    0.609999779911));
#2070 = ADVANCED_FACE('',(#2071),#2084,.T.);
#2071 = FACE_BOUND('',#2072,.T.);
#2072 = EDGE_LOOP('',(#2073,#2074,#2075,#2083));
#2073 = ORIENTED_EDGE('',*,*,#1903,.F.);
#2074 = ORIENTED_EDGE('',*,*,#1957,.T.);
#2075 = ORIENTED_EDGE('',*,*,#2076,.T.);
#2076 = EDGE_CURVE('',#1958,#2045,#2077,.T.);
#2077 = B_SPLINE_CURVE_WITH_KNOTS('',3,(#2078,#2079,#2080,#2081,#2082),
  .UNSPECIFIED.,.F.,.F.,(4,1,4),(0.,0.439928498486,1.),.UNSPECIFIED.);
#2078 = CARTESIAN_POINT('',(0.405239426307,-2.449567892614,
    0.599999780181));
#2079 = CARTESIAN_POINT('',(0.403681316682,-2.444516559091,
    0.599999780181));
#2080 = CARTESIAN_POINT('',(0.4001395829,-2.433034389739,0.599999780181)
  );
#2081 = CARTESIAN_POINT('',(0.398278639248,-2.42115834959,0.599999780181
    ));
#2082 = CARTESIAN_POINT('',(0.397236377743,-2.414506917953,
    0.599999780181));
#2083 = ORIENTED_EDGE('',*,*,#2044,.F.);
#2084 = B_SPLINE_SURFACE_WITH_KNOTS('',3,1,(
    (#2085,#2086)
    ,(#2087,#2088)
    ,(#2089,#2090)
    ,(#2091,#2092)
    ,(#2093,#2094
    )),.UNSPECIFIED.,.F.,.F.,.F.,(4,1,4),(2,2),(0.,0.439928498486,1.),(
    0.,1.),.UNSPECIFIED.);
#2085 = CARTESIAN_POINT('',(0.405239426307,-2.449567892614,
    0.599999780181));
#2086 = CARTESIAN_POINT('',(0.405239426307,-2.449567892614,
    0.609999779911));
#2087 = CARTESIAN_POINT('',(0.403681316682,-2.444516559091,
    0.599999780181));
#2088 = CARTESIAN_POINT('',(0.403681316682,-2.444516559091,
    0.609999779911));
#2089 = CARTESIAN_POINT('',(0.4001395829,-2.433034389739,0.599999780181)
  );
#2090 = CARTESIAN_POINT('',(0.4001395829,-2.433034389739,0.609999779911)
  );
#2091 = CARTESIAN_POINT('',(0.398278639248,-2.42115834959,0.599999780181
    ));
#2092 = CARTESIAN_POINT('',(0.398278639248,-2.42115834959,0.609999779911
    ));
#2093 = CARTESIAN_POINT('',(0.397236377743,-2.414506917953,
    0.599999780181));
#2094 = CARTESIAN_POINT('',(0.397236377743,-2.414506917953,
    0.609999779911));
#2095 = ADVANCED_FACE('',(#2096),#2121,.T.);
#2096 = FACE_BOUND('',#2097,.T.);
#2097 = EDGE_LOOP('',(#2098,#2106,#2107,#2115));
#2098 = ORIENTED_EDGE('',*,*,#2099,.T.);
#2099 = EDGE_CURVE('',#2100,#481,#2102,.T.);
#2100 = VERTEX_POINT('',#2101);
#2101 = CARTESIAN_POINT('',(1.056630414782,-2.353531309846,
    0.609999779911));
#2102 = LINE('',#2103,#2104);
#2103 = CARTESIAN_POINT('',(1.056630414782,-2.353531309846,
    0.599999780181));
#2104 = VECTOR('',#2105,1.);
#2105 = DIRECTION('',(0.,0.,-1.));
#2106 = ORIENTED_EDGE('',*,*,#480,.T.);
#2107 = ORIENTED_EDGE('',*,*,#2108,.F.);
#2108 = EDGE_CURVE('',#2109,#469,#2111,.T.);
#2109 = VERTEX_POINT('',#2110);
#2110 = CARTESIAN_POINT('',(1.056630414782,-2.853531296319,
    0.609999779911));
#2111 = LINE('',#2112,#2113);
#2112 = CARTESIAN_POINT('',(1.056630414782,-2.853531296319,
    0.599999780181));
#2113 = VECTOR('',#2114,1.);
#2114 = DIRECTION('',(0.,0.,-1.));
#2115 = ORIENTED_EDGE('',*,*,#2116,.F.);
#2116 = EDGE_CURVE('',#2100,#2109,#2117,.T.);
#2117 = LINE('',#2118,#2119);
#2118 = CARTESIAN_POINT('',(1.056630414782,0.90998847461,0.609999779911)
  );
#2119 = VECTOR('',#2120,1.);
#2120 = DIRECTION('',(-0.,-1.,-0.));
#2121 = PLANE('',#2122);
#2122 = AXIS2_PLACEMENT_3D('',#2123,#2124,#2125);
#2123 = CARTESIAN_POINT('',(1.056630414782,-2.353531309846,
    0.599999780181));
#2124 = DIRECTION('',(-1.,1.626303258728E-15,0.));
#2125 = DIRECTION('',(-1.626303258728E-15,-1.,0.));
#2126 = ADVANCED_FACE('',(#2127),#2145,.T.);
#2127 = FACE_BOUND('',#2128,.T.);
#2128 = EDGE_LOOP('',(#2129,#2130,#2131,#2139));
#2129 = ORIENTED_EDGE('',*,*,#2108,.T.);
#2130 = ORIENTED_EDGE('',*,*,#468,.T.);
#2131 = ORIENTED_EDGE('',*,*,#2132,.F.);
#2132 = EDGE_CURVE('',#2133,#471,#2135,.T.);
#2133 = VERTEX_POINT('',#2134);
#2134 = CARTESIAN_POINT('',(0.920673863582,-2.853531296319,
    0.609999779911));
#2135 = LINE('',#2136,#2137);
#2136 = CARTESIAN_POINT('',(0.920673863582,-2.853531296319,
    0.599999780181));
#2137 = VECTOR('',#2138,1.);
#2138 = DIRECTION('',(0.,0.,-1.));
#2139 = ORIENTED_EDGE('',*,*,#2140,.F.);
#2140 = EDGE_CURVE('',#2109,#2133,#2141,.T.);
#2141 = LINE('',#2142,#2143);
#2142 = CARTESIAN_POINT('',(-8.070008637734,-2.853531296319,
    0.609999779911));
#2143 = VECTOR('',#2144,1.);
#2144 = DIRECTION('',(-1.,0.,0.));
#2145 = PLANE('',#2146);
#2146 = AXIS2_PLACEMENT_3D('',#2147,#2148,#2149);
#2147 = CARTESIAN_POINT('',(1.056630414782,-2.853531296319,
    0.599999780181));
#2148 = DIRECTION('',(0.,1.,0.));
#2149 = DIRECTION('',(-1.,0.,0.));
#2150 = ADVANCED_FACE('',(#2151),#2171,.F.);
#2151 = FACE_BOUND('',#2152,.F.);
#2152 = EDGE_LOOP('',(#2153,#2163,#2169,#2170));
#2153 = ORIENTED_EDGE('',*,*,#2154,.T.);
#2154 = EDGE_CURVE('',#2133,#2155,#2157,.T.);
#2155 = VERTEX_POINT('',#2156);
#2156 = CARTESIAN_POINT('',(0.654191401279,-2.597243193496,
    0.609999779911));
#2157 = B_SPLINE_CURVE_WITH_KNOTS('',3,(#2158,#2159,#2160,#2161,#2162),
  .UNSPECIFIED.,.F.,.F.,(4,1,4),(0.,0.444969328518,1.),.UNSPECIFIED.);
#2158 = CARTESIAN_POINT('',(0.920673863582,-2.853531296319,
    0.609999779911));
#2159 = CARTESIAN_POINT('',(0.856295857553,-2.84402164445,0.609999779911
    ));
#2160 = CARTESIAN_POINT('',(0.711616209083,-2.822650167227,
    0.609999779911));
#2161 = CARTESIAN_POINT('',(0.674687800624,-2.677696773147,
    0.609999779911));
#2162 = CARTESIAN_POINT('',(0.654191401279,-2.597243193496,
    0.609999779911));
#2163 = ORIENTED_EDGE('',*,*,#2164,.T.);
#2164 = EDGE_CURVE('',#2155,#501,#2165,.T.);
#2165 = LINE('',#2166,#2167);
#2166 = CARTESIAN_POINT('',(0.654191401279,-2.597243193496,
    0.599999780181));
#2167 = VECTOR('',#2168,1.);
#2168 = DIRECTION('',(0.,0.,-1.));
#2169 = ORIENTED_EDGE('',*,*,#510,.F.);
#2170 = ORIENTED_EDGE('',*,*,#2132,.F.);
#2171 = B_SPLINE_SURFACE_WITH_KNOTS('',3,1,(
    (#2172,#2173)
    ,(#2174,#2175)
    ,(#2176,#2177)
    ,(#2178,#2179)
    ,(#2180,#2181
    )),.UNSPECIFIED.,.F.,.F.,.F.,(4,1,4),(2,2),(0.,0.555030671482,1.),(
    0.,1.),.UNSPECIFIED.);
#2172 = CARTESIAN_POINT('',(0.654191401279,-2.597243193496,
    0.599999780181));
#2173 = CARTESIAN_POINT('',(0.654191401279,-2.597243193496,
    0.609999779911));
#2174 = CARTESIAN_POINT('',(0.674687800624,-2.677696773147,
    0.599999780181));
#2175 = CARTESIAN_POINT('',(0.674687800624,-2.677696773147,
    0.609999779911));
#2176 = CARTESIAN_POINT('',(0.711616209083,-2.822650167227,
    0.599999780181));
#2177 = CARTESIAN_POINT('',(0.711616209083,-2.822650167227,
    0.609999779911));
#2178 = CARTESIAN_POINT('',(0.856295857553,-2.84402164445,0.599999780181
    ));
#2179 = CARTESIAN_POINT('',(0.856295857553,-2.84402164445,0.609999779911
    ));
#2180 = CARTESIAN_POINT('',(0.920673863582,-2.853531296319,
    0.599999780181));
#2181 = CARTESIAN_POINT('',(0.920673863582,-2.853531296319,
    0.609999779911));
#2182 = ADVANCED_FACE('',(#2183),#2203,.F.);
#2183 = FACE_BOUND('',#2184,.F.);
#2184 = EDGE_LOOP('',(#2185,#2195,#2201,#2202));
#2185 = ORIENTED_EDGE('',*,*,#2186,.T.);
#2186 = EDGE_CURVE('',#2155,#2187,#2189,.T.);
#2187 = VERTEX_POINT('',#2188);
#2188 = CARTESIAN_POINT('',(0.915529046648,-2.353531309846,
    0.609999779911));
#2189 = B_SPLINE_CURVE_WITH_KNOTS('',3,(#2190,#2191,#2192,#2193,#2194),
  .UNSPECIFIED.,.F.,.F.,(4,1,4),(0.,0.441155726213,1.),.UNSPECIFIED.);
#2190 = CARTESIAN_POINT('',(0.654191401279,-2.597243193496,
    0.609999779911));
#2191 = CARTESIAN_POINT('',(0.666338836823,-2.536032649945,
    0.609999779911));
#2192 = CARTESIAN_POINT('',(0.693874318788,-2.397282227102,
    0.609999779911));
#2193 = CARTESIAN_POINT('',(0.836066025546,-2.369215974435,
    0.609999779911));
#2194 = CARTESIAN_POINT('',(0.915529046648,-2.353531309846,
    0.609999779911));
#2195 = ORIENTED_EDGE('',*,*,#2196,.T.);
#2196 = EDGE_CURVE('',#2187,#491,#2197,.T.);
#2197 = LINE('',#2198,#2199);
#2198 = CARTESIAN_POINT('',(0.915529046648,-2.353531309846,
    0.599999780181));
#2199 = VECTOR('',#2200,1.);
#2200 = DIRECTION('',(0.,0.,-1.));
#2201 = ORIENTED_EDGE('',*,*,#500,.F.);
#2202 = ORIENTED_EDGE('',*,*,#2164,.F.);
#2203 = B_SPLINE_SURFACE_WITH_KNOTS('',3,1,(
    (#2204,#2205)
    ,(#2206,#2207)
    ,(#2208,#2209)
    ,(#2210,#2211)
    ,(#2212,#2213
    )),.UNSPECIFIED.,.F.,.F.,.F.,(4,1,4),(2,2),(0.,0.558844273787,1.),(
    0.,1.),.UNSPECIFIED.);
#2204 = CARTESIAN_POINT('',(0.915529046648,-2.353531309846,
    0.599999780181));
#2205 = CARTESIAN_POINT('',(0.915529046648,-2.353531309846,
    0.609999779911));
#2206 = CARTESIAN_POINT('',(0.836066025546,-2.369215974435,
    0.599999780181));
#2207 = CARTESIAN_POINT('',(0.836066025546,-2.369215974435,
    0.609999779911));
#2208 = CARTESIAN_POINT('',(0.693874318788,-2.397282227102,
    0.599999780181));
#2209 = CARTESIAN_POINT('',(0.693874318788,-2.397282227102,
    0.609999779911));
#2210 = CARTESIAN_POINT('',(0.666338836823,-2.536032649945,
    0.599999780181));
#2211 = CARTESIAN_POINT('',(0.666338836823,-2.536032649945,
    0.609999779911));
#2212 = CARTESIAN_POINT('',(0.654191401279,-2.597243193496,
    0.599999780181));
#2213 = CARTESIAN_POINT('',(0.654191401279,-2.597243193496,
    0.609999779911));
#2214 = ADVANCED_FACE('',(#2215),#2226,.T.);
#2215 = FACE_BOUND('',#2216,.T.);
#2216 = EDGE_LOOP('',(#2217,#2223,#2224,#2225));
#2217 = ORIENTED_EDGE('',*,*,#2218,.F.);
#2218 = EDGE_CURVE('',#2187,#2100,#2219,.T.);
#2219 = LINE('',#2220,#2221);
#2220 = CARTESIAN_POINT('',(-8.070008637734,-2.353531309846,
    0.609999779911));
#2221 = VECTOR('',#2222,1.);
#2222 = DIRECTION('',(1.,0.,0.));
#2223 = ORIENTED_EDGE('',*,*,#2196,.T.);
#2224 = ORIENTED_EDGE('',*,*,#490,.T.);
#2225 = ORIENTED_EDGE('',*,*,#2099,.F.);
#2226 = PLANE('',#2227);
#2227 = AXIS2_PLACEMENT_3D('',#2228,#2229,#2230);
#2228 = CARTESIAN_POINT('',(0.915529046648,-2.353531309846,
    0.599999780181));
#2229 = DIRECTION('',(2.305155841136E-15,-1.,0.));
#2230 = DIRECTION('',(1.,2.305155841136E-15,0.));
#2231 = ADVANCED_FACE('',(#2232,#2278),#2285,.F.);
#2232 = FACE_BOUND('',#2233,.T.);
#2233 = EDGE_LOOP('',(#2234,#2246,#2256,#2264,#2272));
#2234 = ORIENTED_EDGE('',*,*,#2235,.T.);
#2235 = EDGE_CURVE('',#2236,#2238,#2240,.T.);
#2236 = VERTEX_POINT('',#2237);
#2237 = CARTESIAN_POINT('',(0.915814869811,-2.408409357142,
    0.609999779911));
#2238 = VERTEX_POINT('',#2239);
#2239 = CARTESIAN_POINT('',(0.721264570197,-2.598672309311,
    0.609999779911));
#2240 = B_SPLINE_CURVE_WITH_KNOTS('',3,(#2241,#2242,#2243,#2244,#2245),
  .UNSPECIFIED.,.F.,.F.,(4,1,4),(0.,0.445607266854,1.),.UNSPECIFIED.);
#2241 = CARTESIAN_POINT('',(0.915814869811,-2.408409357142,
    0.609999779911));
#2242 = CARTESIAN_POINT('',(0.867442975323,-2.414613178968,
    0.609999779911));
#2243 = CARTESIAN_POINT('',(0.758890224759,-2.428535352793,
    0.609999779911));
#2244 = CARTESIAN_POINT('',(0.734684209278,-2.537990931741,
    0.609999779911));
#2245 = CARTESIAN_POINT('',(0.721264570197,-2.598672309311,
    0.609999779911));
#2246 = ORIENTED_EDGE('',*,*,#2247,.T.);
#2247 = EDGE_CURVE('',#2238,#2248,#2250,.T.);
#2248 = VERTEX_POINT('',#2249);
#2249 = CARTESIAN_POINT('',(0.918577827053,-2.798653249023,
    0.609999779911));
#2250 = B_SPLINE_CURVE_WITH_KNOTS('',3,(#2251,#2252,#2253,#2254,#2255),
  .UNSPECIFIED.,.F.,.F.,(4,1,4),(0.,0.444566447868,1.),.UNSPECIFIED.);
#2251 = CARTESIAN_POINT('',(0.721264570197,-2.598672309311,
    0.609999779911));
#2252 = CARTESIAN_POINT('',(0.727749083652,-2.648529815073,
    0.609999779911));
#2253 = CARTESIAN_POINT('',(0.742335234917,-2.760678417381,
    0.609999779911));
#2254 = CARTESIAN_POINT('',(0.855642930958,-2.785092723984,
    0.609999779911));
#2255 = CARTESIAN_POINT('',(0.918577827053,-2.798653249023,
    0.609999779911));
#2256 = ORIENTED_EDGE('',*,*,#2257,.T.);
#2257 = EDGE_CURVE('',#2248,#2258,#2260,.T.);
#2258 = VERTEX_POINT('',#2259);
#2259 = CARTESIAN_POINT('',(0.989557245865,-2.798653249023,
    0.609999779911));
#2260 = LINE('',#2261,#2262);
#2261 = CARTESIAN_POINT('',(-8.070008637734,-2.798653249023,
    0.609999779911));
#2262 = VECTOR('',#2263,1.);
#2263 = DIRECTION('',(1.,0.,0.));
#2264 = ORIENTED_EDGE('',*,*,#2265,.T.);
#2265 = EDGE_CURVE('',#2258,#2266,#2268,.T.);
#2266 = VERTEX_POINT('',#2267);
#2267 = CARTESIAN_POINT('',(0.989557245865,-2.408409357142,
    0.609999779911));
#2268 = LINE('',#2269,#2270);
#2269 = CARTESIAN_POINT('',(0.989557245865,0.90998847461,0.609999779911)
  );
#2270 = VECTOR('',#2271,1.);
#2271 = DIRECTION('',(0.,1.,0.));
#2272 = ORIENTED_EDGE('',*,*,#2273,.T.);
#2273 = EDGE_CURVE('',#2266,#2236,#2274,.T.);
#2274 = LINE('',#2275,#2276);
#2275 = CARTESIAN_POINT('',(-8.070008637734,-2.408409357142,
    0.609999779911));
#2276 = VECTOR('',#2277,1.);
#2277 = DIRECTION('',(-1.,0.,0.));
#2278 = FACE_BOUND('',#2279,.T.);
#2279 = EDGE_LOOP('',(#2280,#2281,#2282,#2283,#2284));
#2280 = ORIENTED_EDGE('',*,*,#2186,.T.);
#2281 = ORIENTED_EDGE('',*,*,#2218,.T.);
#2282 = ORIENTED_EDGE('',*,*,#2116,.T.);
#2283 = ORIENTED_EDGE('',*,*,#2140,.T.);
#2284 = ORIENTED_EDGE('',*,*,#2154,.T.);
#2285 = PLANE('',#2286);
#2286 = AXIS2_PLACEMENT_3D('',#2287,#2288,#2289);
#2287 = CARTESIAN_POINT('',(-8.070008637734,0.90998847461,0.609999779911
    ));
#2288 = DIRECTION('',(0.,0.,1.));
#2289 = DIRECTION('',(1.,0.,-0.));
#2290 = ADVANCED_FACE('',(#2291),#2318,.T.);
#2291 = FACE_BOUND('',#2292,.T.);
#2292 = EDGE_LOOP('',(#2293,#2301,#2302,#2310));
#2293 = ORIENTED_EDGE('',*,*,#2294,.F.);
#2294 = EDGE_CURVE('',#2238,#2295,#2297,.T.);
#2295 = VERTEX_POINT('',#2296);
#2296 = CARTESIAN_POINT('',(0.721264570197,-2.598672309311,
    0.599999780181));
#2297 = LINE('',#2298,#2299);
#2298 = CARTESIAN_POINT('',(0.721264570197,-2.598672309311,
    0.599999780181));
#2299 = VECTOR('',#2300,1.);
#2300 = DIRECTION('',(0.,0.,-1.));
#2301 = ORIENTED_EDGE('',*,*,#2235,.F.);
#2302 = ORIENTED_EDGE('',*,*,#2303,.T.);
#2303 = EDGE_CURVE('',#2236,#2304,#2306,.T.);
#2304 = VERTEX_POINT('',#2305);
#2305 = CARTESIAN_POINT('',(0.915814869811,-2.408409357142,
    0.599999780181));
#2306 = LINE('',#2307,#2308);
#2307 = CARTESIAN_POINT('',(0.915814869811,-2.408409357142,
    0.599999780181));
#2308 = VECTOR('',#2309,1.);
#2309 = DIRECTION('',(0.,0.,-1.));
#2310 = ORIENTED_EDGE('',*,*,#2311,.T.);
#2311 = EDGE_CURVE('',#2304,#2295,#2312,.T.);
#2312 = B_SPLINE_CURVE_WITH_KNOTS('',3,(#2313,#2314,#2315,#2316,#2317),
  .UNSPECIFIED.,.F.,.F.,(4,1,4),(0.,0.445607266854,0.999998175393),
  .UNSPECIFIED.);
#2313 = CARTESIAN_POINT('',(0.915814869811,-2.408409357142,
    0.599999780181));
#2314 = CARTESIAN_POINT('',(0.867442975323,-2.414613178968,
    0.599999780181));
#2315 = CARTESIAN_POINT('',(0.758890224759,-2.428535352793,
    0.599999780181));
#2316 = CARTESIAN_POINT('',(0.734684209278,-2.537990931741,
    0.599999780181));
#2317 = CARTESIAN_POINT('',(0.721264570197,-2.598672309311,
    0.599999780181));
#2318 = B_SPLINE_SURFACE_WITH_KNOTS('',3,1,(
    (#2319,#2320)
    ,(#2321,#2322)
    ,(#2323,#2324)
    ,(#2325,#2326)
    ,(#2327,#2328
    )),.UNSPECIFIED.,.F.,.F.,.F.,(4,1,4),(2,2),(0.,0.445607266854,1.),(
    0.,1.),.UNSPECIFIED.);
#2319 = CARTESIAN_POINT('',(0.915814869811,-2.408409357142,
    0.599999780181));
#2320 = CARTESIAN_POINT('',(0.915814869811,-2.408409357142,
    0.609999779911));
#2321 = CARTESIAN_POINT('',(0.867442975323,-2.414613178968,
    0.599999780181));
#2322 = CARTESIAN_POINT('',(0.867442975323,-2.414613178968,
    0.609999779911));
#2323 = CARTESIAN_POINT('',(0.758890224759,-2.428535352793,
    0.599999780181));
#2324 = CARTESIAN_POINT('',(0.758890224759,-2.428535352793,
    0.609999779911));
#2325 = CARTESIAN_POINT('',(0.734684209278,-2.537990931741,
    0.599999780181));
#2326 = CARTESIAN_POINT('',(0.734684209278,-2.537990931741,
    0.609999779911));
#2327 = CARTESIAN_POINT('',(0.721264570197,-2.598672309311,
    0.599999780181));
#2328 = CARTESIAN_POINT('',(0.721264570197,-2.598672309311,
    0.609999779911));
#2329 = ADVANCED_FACE('',(#2330),#2350,.T.);
#2330 = FACE_BOUND('',#2331,.T.);
#2331 = EDGE_LOOP('',(#2332,#2333,#2334,#2342));
#2332 = ORIENTED_EDGE('',*,*,#2303,.F.);
#2333 = ORIENTED_EDGE('',*,*,#2273,.F.);
#2334 = ORIENTED_EDGE('',*,*,#2335,.T.);
#2335 = EDGE_CURVE('',#2266,#2336,#2338,.T.);
#2336 = VERTEX_POINT('',#2337);
#2337 = CARTESIAN_POINT('',(0.989557245865,-2.408409357142,
    0.599999780181));
#2338 = LINE('',#2339,#2340);
#2339 = CARTESIAN_POINT('',(0.989557245865,-2.408409357142,
    0.599999780181));
#2340 = VECTOR('',#2341,1.);
#2341 = DIRECTION('',(0.,0.,-1.));
#2342 = ORIENTED_EDGE('',*,*,#2343,.T.);
#2343 = EDGE_CURVE('',#2336,#2304,#2344,.T.);
#2344 = B_SPLINE_CURVE_WITH_KNOTS('',3,(#2345,#2346,#2347,#2348,#2349),
  .UNSPECIFIED.,.F.,.F.,(4,1,4),(0.,0.5,0.999990302469),.UNSPECIFIED.);
#2345 = CARTESIAN_POINT('',(0.989557245865,-2.408409357142,
    0.599999780181));
#2346 = CARTESIAN_POINT('',(0.977266849856,-2.408409357142,
    0.599999780181));
#2347 = CARTESIAN_POINT('',(0.952686296211,-2.408409357142,
    0.599999780181));
#2348 = CARTESIAN_POINT('',(0.928105742566,-2.408409357142,
    0.599999780181));
#2349 = CARTESIAN_POINT('',(0.915814869811,-2.408409357142,
    0.599999780181));
#2350 = PLANE('',#2351);
#2351 = AXIS2_PLACEMENT_3D('',#2352,#2353,#2354);
#2352 = CARTESIAN_POINT('',(0.989557245865,-2.408409357142,
    0.599999780181));
#2353 = DIRECTION('',(4.410769768375E-15,1.,0.));
#2354 = DIRECTION('',(-1.,4.410769768375E-15,0.));
#2355 = ADVANCED_FACE('',(#2356),#2376,.T.);
#2356 = FACE_BOUND('',#2357,.T.);
#2357 = EDGE_LOOP('',(#2358,#2359,#2360,#2368));
#2358 = ORIENTED_EDGE('',*,*,#2335,.F.);
#2359 = ORIENTED_EDGE('',*,*,#2265,.F.);
#2360 = ORIENTED_EDGE('',*,*,#2361,.T.);
#2361 = EDGE_CURVE('',#2258,#2362,#2364,.T.);
#2362 = VERTEX_POINT('',#2363);
#2363 = CARTESIAN_POINT('',(0.989557245865,-2.798653249023,
    0.599999780181));
#2364 = LINE('',#2365,#2366);
#2365 = CARTESIAN_POINT('',(0.989557245865,-2.798653249023,
    0.599999780181));
#2366 = VECTOR('',#2367,1.);
#2367 = DIRECTION('',(0.,0.,-1.));
#2368 = ORIENTED_EDGE('',*,*,#2369,.T.);
#2369 = EDGE_CURVE('',#2362,#2336,#2370,.T.);
#2370 = B_SPLINE_CURVE_WITH_KNOTS('',3,(#2371,#2372,#2373,#2374,#2375),
  .UNSPECIFIED.,.F.,.F.,(4,1,4),(0.,0.5,0.99999871875),.UNSPECIFIED.);
#2371 = CARTESIAN_POINT('',(0.989557245865,-2.798653249023,
    0.599999780181));
#2372 = CARTESIAN_POINT('',(0.989557245865,-2.733612600376,
    0.599999780181));
#2373 = CARTESIAN_POINT('',(0.989557245865,-2.603531303082,
    0.599999780181));
#2374 = CARTESIAN_POINT('',(0.989557245865,-2.473450005789,
    0.599999780181));
#2375 = CARTESIAN_POINT('',(0.989557245865,-2.408409357142,
    0.599999780181));
#2376 = PLANE('',#2377);
#2377 = AXIS2_PLACEMENT_3D('',#2378,#2379,#2380);
#2378 = CARTESIAN_POINT('',(0.989557245865,-2.798653249023,
    0.599999780181));
#2379 = DIRECTION('',(1.,-8.334804200982E-16,0.));
#2380 = DIRECTION('',(8.334804200982E-16,1.,0.));
#2381 = ADVANCED_FACE('',(#2382),#2402,.T.);
#2382 = FACE_BOUND('',#2383,.T.);
#2383 = EDGE_LOOP('',(#2384,#2385,#2386,#2394));
#2384 = ORIENTED_EDGE('',*,*,#2361,.F.);
#2385 = ORIENTED_EDGE('',*,*,#2257,.F.);
#2386 = ORIENTED_EDGE('',*,*,#2387,.T.);
#2387 = EDGE_CURVE('',#2248,#2388,#2390,.T.);
#2388 = VERTEX_POINT('',#2389);
#2389 = CARTESIAN_POINT('',(0.918577827053,-2.798653249023,
    0.599999780181));
#2390 = LINE('',#2391,#2392);
#2391 = CARTESIAN_POINT('',(0.918577827053,-2.798653249023,
    0.599999780181));
#2392 = VECTOR('',#2393,1.);
#2393 = DIRECTION('',(0.,0.,-1.));
#2394 = ORIENTED_EDGE('',*,*,#2395,.T.);
#2395 = EDGE_CURVE('',#2388,#2362,#2396,.T.);
#2396 = B_SPLINE_CURVE_WITH_KNOTS('',3,(#2397,#2398,#2399,#2400,#2401),
  .UNSPECIFIED.,.F.,.F.,(4,1,4),(0.,0.5,0.999992955705),.UNSPECIFIED.);
#2397 = CARTESIAN_POINT('',(0.918577827053,-2.798653249023,
    0.599999780181));
#2398 = CARTESIAN_POINT('',(0.930407730189,-2.798653249023,
    0.599999780181));
#2399 = CARTESIAN_POINT('',(0.954067369792,-2.798653249023,
    0.599999780181));
#2400 = CARTESIAN_POINT('',(0.977727009396,-2.798653249023,
    0.599999780181));
#2401 = CARTESIAN_POINT('',(0.989557245865,-2.798653249023,
    0.599999780181));
#2402 = PLANE('',#2403);
#2403 = AXIS2_PLACEMENT_3D('',#2404,#2405,#2406);
#2404 = CARTESIAN_POINT('',(0.918577827053,-2.798653249023,
    0.599999780181));
#2405 = DIRECTION('',(2.291232081022E-15,-1.,0.));
#2406 = DIRECTION('',(1.,2.291232081022E-15,0.));
#2407 = ADVANCED_FACE('',(#2408),#2421,.T.);
#2408 = FACE_BOUND('',#2409,.T.);
#2409 = EDGE_LOOP('',(#2410,#2411,#2412,#2420));
#2410 = ORIENTED_EDGE('',*,*,#2247,.F.);
#2411 = ORIENTED_EDGE('',*,*,#2294,.T.);
#2412 = ORIENTED_EDGE('',*,*,#2413,.T.);
#2413 = EDGE_CURVE('',#2295,#2388,#2414,.T.);
#2414 = B_SPLINE_CURVE_WITH_KNOTS('',3,(#2415,#2416,#2417,#2418,#2419),
  .UNSPECIFIED.,.F.,.F.,(4,1,4),(0.,0.444566447868,1.),.UNSPECIFIED.);
#2415 = CARTESIAN_POINT('',(0.721264570197,-2.598672309311,
    0.599999780181));
#2416 = CARTESIAN_POINT('',(0.727749083652,-2.648529815073,
    0.599999780181));
#2417 = CARTESIAN_POINT('',(0.742335234917,-2.760678417381,
    0.599999780181));
#2418 = CARTESIAN_POINT('',(0.855642930958,-2.785092723984,
    0.599999780181));
#2419 = CARTESIAN_POINT('',(0.918577827053,-2.798653249023,
    0.599999780181));
#2420 = ORIENTED_EDGE('',*,*,#2387,.F.);
#2421 = B_SPLINE_SURFACE_WITH_KNOTS('',3,1,(
    (#2422,#2423)
    ,(#2424,#2425)
    ,(#2426,#2427)
    ,(#2428,#2429)
    ,(#2430,#2431
    )),.UNSPECIFIED.,.F.,.F.,.F.,(4,1,4),(2,2),(0.,0.444566447868,1.),(
    0.,1.),.UNSPECIFIED.);
#2422 = CARTESIAN_POINT('',(0.721264570197,-2.598672309311,
    0.599999780181));
#2423 = CARTESIAN_POINT('',(0.721264570197,-2.598672309311,
    0.609999779911));
#2424 = CARTESIAN_POINT('',(0.727749083652,-2.648529815073,
    0.599999780181));
#2425 = CARTESIAN_POINT('',(0.727749083652,-2.648529815073,
    0.609999779911));
#2426 = CARTESIAN_POINT('',(0.742335234917,-2.760678417381,
    0.599999780181));
#2427 = CARTESIAN_POINT('',(0.742335234917,-2.760678417381,
    0.609999779911));
#2428 = CARTESIAN_POINT('',(0.855642930958,-2.785092723984,
    0.599999780181));
#2429 = CARTESIAN_POINT('',(0.855642930958,-2.785092723984,
    0.609999779911));
#2430 = CARTESIAN_POINT('',(0.918577827053,-2.798653249023,
    0.599999780181));
#2431 = CARTESIAN_POINT('',(0.918577827053,-2.798653249023,
    0.609999779911));
#2432 = ADVANCED_FACE('',(#2433),#2458,.T.);
#2433 = FACE_BOUND('',#2434,.T.);
#2434 = EDGE_LOOP('',(#2435,#2443,#2444,#2452));
#2435 = ORIENTED_EDGE('',*,*,#2436,.T.);
#2436 = EDGE_CURVE('',#2437,#533,#2439,.T.);
#2437 = VERTEX_POINT('',#2438);
#2438 = CARTESIAN_POINT('',(1.178581630995,-2.627921546325,
    0.609999779911));
#2439 = LINE('',#2440,#2441);
#2440 = CARTESIAN_POINT('',(1.178581630995,-2.627921546325,
    0.599999780181));
#2441 = VECTOR('',#2442,1.);
#2442 = DIRECTION('',(0.,0.,-1.));
#2443 = ORIENTED_EDGE('',*,*,#532,.T.);
#2444 = ORIENTED_EDGE('',*,*,#2445,.F.);
#2445 = EDGE_CURVE('',#2446,#521,#2448,.T.);
#2446 = VERTEX_POINT('',#2447);
#2447 = CARTESIAN_POINT('',(1.178581630995,-2.573043499029,
    0.609999779911));
#2448 = LINE('',#2449,#2450);
#2449 = CARTESIAN_POINT('',(1.178581630995,-2.573043499029,
    0.599999780181));
#2450 = VECTOR('',#2451,1.);
#2451 = DIRECTION('',(0.,0.,-1.));
#2452 = ORIENTED_EDGE('',*,*,#2453,.F.);
#2453 = EDGE_CURVE('',#2437,#2446,#2454,.T.);
#2454 = LINE('',#2455,#2456);
#2455 = CARTESIAN_POINT('',(1.178581630995,0.90998847461,0.609999779911)
  );
#2456 = VECTOR('',#2457,1.);
#2457 = DIRECTION('',(0.,1.,0.));
#2458 = PLANE('',#2459);
#2459 = AXIS2_PLACEMENT_3D('',#2460,#2461,#2462);
#2460 = CARTESIAN_POINT('',(1.178581630995,-2.627921546325,
    0.599999780181));
#2461 = DIRECTION('',(1.,-2.963485938127E-15,0.));
#2462 = DIRECTION('',(2.963485938127E-15,1.,0.));
#2463 = ADVANCED_FACE('',(#2464),#2482,.T.);
#2464 = FACE_BOUND('',#2465,.T.);
#2465 = EDGE_LOOP('',(#2466,#2467,#2468,#2476));
#2466 = ORIENTED_EDGE('',*,*,#2445,.T.);
#2467 = ORIENTED_EDGE('',*,*,#520,.T.);
#2468 = ORIENTED_EDGE('',*,*,#2469,.F.);
#2469 = EDGE_CURVE('',#2470,#523,#2472,.T.);
#2470 = VERTEX_POINT('',#2471);
#2471 = CARTESIAN_POINT('',(1.355410894503,-2.573043499029,
    0.609999779911));
#2472 = LINE('',#2473,#2474);
#2473 = CARTESIAN_POINT('',(1.355410894503,-2.573043499029,
    0.599999780181));
#2474 = VECTOR('',#2475,1.);
#2475 = DIRECTION('',(0.,0.,-1.));
#2476 = ORIENTED_EDGE('',*,*,#2477,.F.);
#2477 = EDGE_CURVE('',#2446,#2470,#2478,.T.);
#2478 = LINE('',#2479,#2480);
#2479 = CARTESIAN_POINT('',(-8.070008637734,-2.573043499029,
    0.609999779911));
#2480 = VECTOR('',#2481,1.);
#2481 = DIRECTION('',(1.,0.,0.));
#2482 = PLANE('',#2483);
#2483 = AXIS2_PLACEMENT_3D('',#2484,#2485,#2486);
#2484 = CARTESIAN_POINT('',(1.178581630995,-2.573043499029,
    0.599999780181));
#2485 = DIRECTION('',(2.299256331305E-16,-1.,0.));
#2486 = DIRECTION('',(1.,2.299256331305E-16,0.));
#2487 = ADVANCED_FACE('',(#2488),#2506,.T.);
#2488 = FACE_BOUND('',#2489,.T.);
#2489 = EDGE_LOOP('',(#2490,#2491,#2492,#2500));
#2490 = ORIENTED_EDGE('',*,*,#2469,.T.);
#2491 = ORIENTED_EDGE('',*,*,#632,.T.);
#2492 = ORIENTED_EDGE('',*,*,#2493,.F.);
#2493 = EDGE_CURVE('',#2494,#623,#2496,.T.);
#2494 = VERTEX_POINT('',#2495);
#2495 = CARTESIAN_POINT('',(1.355410894503,-2.408409357142,
    0.609999779911));
#2496 = LINE('',#2497,#2498);
#2497 = CARTESIAN_POINT('',(1.355410894503,-2.408409357142,
    0.599999780181));
#2498 = VECTOR('',#2499,1.);
#2499 = DIRECTION('',(0.,0.,-1.));
#2500 = ORIENTED_EDGE('',*,*,#2501,.F.);
#2501 = EDGE_CURVE('',#2470,#2494,#2502,.T.);
#2502 = LINE('',#2503,#2504);
#2503 = CARTESIAN_POINT('',(1.355410894503,0.90998847461,0.609999779911)
  );
#2504 = VECTOR('',#2505,1.);
#2505 = DIRECTION('',(0.,1.,0.));
#2506 = PLANE('',#2507);
#2507 = AXIS2_PLACEMENT_3D('',#2508,#2509,#2510);
#2508 = CARTESIAN_POINT('',(1.355410894503,-2.573043499029,
    0.599999780181));
#2509 = DIRECTION('',(1.,-9.878286460423E-16,0.));
#2510 = DIRECTION('',(9.878286460423E-16,1.,0.));
#2511 = ADVANCED_FACE('',(#2512),#2530,.T.);
#2512 = FACE_BOUND('',#2513,.T.);
#2513 = EDGE_LOOP('',(#2514,#2515,#2516,#2524));
#2514 = ORIENTED_EDGE('',*,*,#2493,.T.);
#2515 = ORIENTED_EDGE('',*,*,#622,.T.);
#2516 = ORIENTED_EDGE('',*,*,#2517,.F.);
#2517 = EDGE_CURVE('',#2518,#613,#2520,.T.);
#2518 = VERTEX_POINT('',#2519);
#2519 = CARTESIAN_POINT('',(1.166386509373,-2.408409357142,
    0.609999779911));
#2520 = LINE('',#2521,#2522);
#2521 = CARTESIAN_POINT('',(1.166386509373,-2.408409357142,
    0.599999780181));
#2522 = VECTOR('',#2523,1.);
#2523 = DIRECTION('',(0.,0.,-1.));
#2524 = ORIENTED_EDGE('',*,*,#2525,.F.);
#2525 = EDGE_CURVE('',#2494,#2518,#2526,.T.);
#2526 = LINE('',#2527,#2528);
#2527 = CARTESIAN_POINT('',(-8.070008637734,-2.408409357142,
    0.609999779911));
#2528 = VECTOR('',#2529,1.);
#2529 = DIRECTION('',(-1.,0.,0.));
#2530 = PLANE('',#2531);
#2531 = AXIS2_PLACEMENT_3D('',#2532,#2533,#2534);
#2532 = CARTESIAN_POINT('',(1.355410894503,-2.408409357142,
    0.599999780181));
#2533 = DIRECTION('',(0.,1.,0.));
#2534 = DIRECTION('',(-1.,0.,0.));
#2535 = ADVANCED_FACE('',(#2536),#2554,.T.);
#2536 = FACE_BOUND('',#2537,.T.);
#2537 = EDGE_LOOP('',(#2538,#2539,#2540,#2548));
#2538 = ORIENTED_EDGE('',*,*,#2517,.T.);
#2539 = ORIENTED_EDGE('',*,*,#612,.T.);
#2540 = ORIENTED_EDGE('',*,*,#2541,.F.);
#2541 = EDGE_CURVE('',#2542,#603,#2544,.T.);
#2542 = VERTEX_POINT('',#2543);
#2543 = CARTESIAN_POINT('',(1.166386509373,-2.353531309846,
    0.609999779911));
#2544 = LINE('',#2545,#2546);
#2545 = CARTESIAN_POINT('',(1.166386509373,-2.353531309846,
    0.599999780181));
#2546 = VECTOR('',#2547,1.);
#2547 = DIRECTION('',(0.,0.,-1.));
#2548 = ORIENTED_EDGE('',*,*,#2549,.F.);
#2549 = EDGE_CURVE('',#2518,#2542,#2550,.T.);
#2550 = LINE('',#2551,#2552);
#2551 = CARTESIAN_POINT('',(1.166386509373,0.90998847461,0.609999779911)
  );
#2552 = VECTOR('',#2553,1.);
#2553 = DIRECTION('',(0.,1.,0.));
#2554 = PLANE('',#2555);
#2555 = AXIS2_PLACEMENT_3D('',#2556,#2557,#2558);
#2556 = CARTESIAN_POINT('',(1.166386509373,-2.408409357142,
    0.599999780181));
#2557 = DIRECTION('',(1.,0.,0.));
#2558 = DIRECTION('',(-0.,1.,0.));
#2559 = ADVANCED_FACE('',(#2560),#2578,.T.);
#2560 = FACE_BOUND('',#2561,.T.);
#2561 = EDGE_LOOP('',(#2562,#2563,#2564,#2572));
#2562 = ORIENTED_EDGE('',*,*,#2541,.T.);
#2563 = ORIENTED_EDGE('',*,*,#602,.T.);
#2564 = ORIENTED_EDGE('',*,*,#2565,.F.);
#2565 = EDGE_CURVE('',#2566,#593,#2568,.T.);
#2566 = VERTEX_POINT('',#2567);
#2567 = CARTESIAN_POINT('',(1.42248406342,-2.353531309846,0.609999779911
    ));
#2568 = LINE('',#2569,#2570);
#2569 = CARTESIAN_POINT('',(1.42248406342,-2.353531309846,0.599999780181
    ));
#2570 = VECTOR('',#2571,1.);
#2571 = DIRECTION('',(0.,0.,-1.));
#2572 = ORIENTED_EDGE('',*,*,#2573,.F.);
#2573 = EDGE_CURVE('',#2542,#2566,#2574,.T.);
#2574 = LINE('',#2575,#2576);
#2575 = CARTESIAN_POINT('',(-8.070008637734,-2.353531309846,
    0.609999779911));
#2576 = VECTOR('',#2577,1.);
#2577 = DIRECTION('',(1.,0.,0.));
#2578 = PLANE('',#2579);
#2579 = AXIS2_PLACEMENT_3D('',#2580,#2581,#2582);
#2580 = CARTESIAN_POINT('',(1.166386509373,-2.353531309846,
    0.599999780181));
#2581 = DIRECTION('',(0.,-1.,0.));
#2582 = DIRECTION('',(1.,0.,0.));
#2583 = ADVANCED_FACE('',(#2584),#2602,.T.);
#2584 = FACE_BOUND('',#2585,.T.);
#2585 = EDGE_LOOP('',(#2586,#2587,#2588,#2596));
#2586 = ORIENTED_EDGE('',*,*,#2565,.T.);
#2587 = ORIENTED_EDGE('',*,*,#592,.T.);
#2588 = ORIENTED_EDGE('',*,*,#2589,.F.);
#2589 = EDGE_CURVE('',#2590,#583,#2592,.T.);
#2590 = VERTEX_POINT('',#2591);
#2591 = CARTESIAN_POINT('',(1.42248406342,-2.853531296319,0.609999779911
    ));
#2592 = LINE('',#2593,#2594);
#2593 = CARTESIAN_POINT('',(1.42248406342,-2.853531296319,0.599999780181
    ));
#2594 = VECTOR('',#2595,1.);
#2595 = DIRECTION('',(0.,0.,-1.));
#2596 = ORIENTED_EDGE('',*,*,#2597,.F.);
#2597 = EDGE_CURVE('',#2566,#2590,#2598,.T.);
#2598 = LINE('',#2599,#2600);
#2599 = CARTESIAN_POINT('',(1.42248406342,0.90998847461,0.609999779911)
  );
#2600 = VECTOR('',#2601,1.);
#2601 = DIRECTION('',(-0.,-1.,-0.));
#2602 = PLANE('',#2603);
#2603 = AXIS2_PLACEMENT_3D('',#2604,#2605,#2606);
#2604 = CARTESIAN_POINT('',(1.42248406342,-2.353531309846,0.599999780181
    ));
#2605 = DIRECTION('',(-1.,1.301042606983E-15,0.));
#2606 = DIRECTION('',(-1.301042606983E-15,-1.,0.));
#2607 = ADVANCED_FACE('',(#2608),#2626,.T.);
#2608 = FACE_BOUND('',#2609,.T.);
#2609 = EDGE_LOOP('',(#2610,#2611,#2612,#2620));
#2610 = ORIENTED_EDGE('',*,*,#2589,.T.);
#2611 = ORIENTED_EDGE('',*,*,#582,.T.);
#2612 = ORIENTED_EDGE('',*,*,#2613,.F.);
#2613 = EDGE_CURVE('',#2614,#573,#2616,.T.);
#2614 = VERTEX_POINT('',#2615);
#2615 = CARTESIAN_POINT('',(1.154191387752,-2.853531296319,
    0.609999779911));
#2616 = LINE('',#2617,#2618);
#2617 = CARTESIAN_POINT('',(1.154191387752,-2.853531296319,
    0.599999780181));
#2618 = VECTOR('',#2619,1.);
#2619 = DIRECTION('',(0.,0.,-1.));
#2620 = ORIENTED_EDGE('',*,*,#2621,.F.);
#2621 = EDGE_CURVE('',#2590,#2614,#2622,.T.);
#2622 = LINE('',#2623,#2624);
#2623 = CARTESIAN_POINT('',(-8.070008637734,-2.853531296319,
    0.609999779911));
#2624 = VECTOR('',#2625,1.);
#2625 = DIRECTION('',(-1.,0.,0.));
#2626 = PLANE('',#2627);
#2627 = AXIS2_PLACEMENT_3D('',#2628,#2629,#2630);
#2628 = CARTESIAN_POINT('',(1.42248406342,-2.853531296319,0.599999780181
    ));
#2629 = DIRECTION('',(-6.061675782533E-16,1.,0.));
#2630 = DIRECTION('',(-1.,-6.061675782533E-16,0.));
#2631 = ADVANCED_FACE('',(#2632),#2650,.T.);
#2632 = FACE_BOUND('',#2633,.T.);
#2633 = EDGE_LOOP('',(#2634,#2635,#2636,#2644));
#2634 = ORIENTED_EDGE('',*,*,#2613,.T.);
#2635 = ORIENTED_EDGE('',*,*,#572,.T.);
#2636 = ORIENTED_EDGE('',*,*,#2637,.F.);
#2637 = EDGE_CURVE('',#2638,#563,#2640,.T.);
#2638 = VERTEX_POINT('',#2639);
#2639 = CARTESIAN_POINT('',(1.154191387752,-2.798653249023,
    0.609999779911));
#2640 = LINE('',#2641,#2642);
#2641 = CARTESIAN_POINT('',(1.154191387752,-2.798653249023,
    0.599999780181));
#2642 = VECTOR('',#2643,1.);
#2643 = DIRECTION('',(0.,0.,-1.));
#2644 = ORIENTED_EDGE('',*,*,#2645,.F.);
#2645 = EDGE_CURVE('',#2614,#2638,#2646,.T.);
#2646 = LINE('',#2647,#2648);
#2647 = CARTESIAN_POINT('',(1.154191387752,0.90998847461,0.609999779911)
  );
#2648 = VECTOR('',#2649,1.);
#2649 = DIRECTION('',(0.,1.,0.));
#2650 = PLANE('',#2651);
#2651 = AXIS2_PLACEMENT_3D('',#2652,#2653,#2654);
#2652 = CARTESIAN_POINT('',(1.154191387752,-2.853531296319,
    0.599999780181));
#2653 = DIRECTION('',(1.,0.,0.));
#2654 = DIRECTION('',(-0.,1.,0.));
#2655 = ADVANCED_FACE('',(#2656),#2674,.T.);
#2656 = FACE_BOUND('',#2657,.T.);
#2657 = EDGE_LOOP('',(#2658,#2659,#2660,#2668));
#2658 = ORIENTED_EDGE('',*,*,#2637,.T.);
#2659 = ORIENTED_EDGE('',*,*,#562,.T.);
#2660 = ORIENTED_EDGE('',*,*,#2661,.F.);
#2661 = EDGE_CURVE('',#2662,#553,#2664,.T.);
#2662 = VERTEX_POINT('',#2663);
#2663 = CARTESIAN_POINT('',(1.355410894503,-2.798653249023,
    0.609999779911));
#2664 = LINE('',#2665,#2666);
#2665 = CARTESIAN_POINT('',(1.355410894503,-2.798653249023,
    0.599999780181));
#2666 = VECTOR('',#2667,1.);
#2667 = DIRECTION('',(0.,0.,-1.));
#2668 = ORIENTED_EDGE('',*,*,#2669,.F.);
#2669 = EDGE_CURVE('',#2638,#2662,#2670,.T.);
#2670 = LINE('',#2671,#2672);
#2671 = CARTESIAN_POINT('',(-8.070008637734,-2.798653249023,
    0.609999779911));
#2672 = VECTOR('',#2673,1.);
#2673 = DIRECTION('',(1.,0.,0.));
#2674 = PLANE('',#2675);
#2675 = AXIS2_PLACEMENT_3D('',#2676,#2677,#2678);
#2676 = CARTESIAN_POINT('',(1.154191387752,-2.798653249023,
    0.599999780181));
#2677 = DIRECTION('',(8.08223437671E-16,-1.,0.));
#2678 = DIRECTION('',(1.,8.08223437671E-16,0.));
#2679 = ADVANCED_FACE('',(#2680),#2698,.T.);
#2680 = FACE_BOUND('',#2681,.T.);
#2681 = EDGE_LOOP('',(#2682,#2683,#2684,#2692));
#2682 = ORIENTED_EDGE('',*,*,#2661,.T.);
#2683 = ORIENTED_EDGE('',*,*,#552,.T.);
#2684 = ORIENTED_EDGE('',*,*,#2685,.F.);
#2685 = EDGE_CURVE('',#2686,#543,#2688,.T.);
#2686 = VERTEX_POINT('',#2687);
#2687 = CARTESIAN_POINT('',(1.355410894503,-2.627921546325,
    0.609999779911));
#2688 = LINE('',#2689,#2690);
#2689 = CARTESIAN_POINT('',(1.355410894503,-2.627921546325,
    0.599999780181));
#2690 = VECTOR('',#2691,1.);
#2691 = DIRECTION('',(0.,0.,-1.));
#2692 = ORIENTED_EDGE('',*,*,#2693,.F.);
#2693 = EDGE_CURVE('',#2662,#2686,#2694,.T.);
#2694 = LINE('',#2695,#2696);
#2695 = CARTESIAN_POINT('',(1.355410894503,0.90998847461,0.609999779911)
  );
#2696 = VECTOR('',#2697,1.);
#2697 = DIRECTION('',(0.,1.,0.));
#2698 = PLANE('',#2699);
#2699 = AXIS2_PLACEMENT_3D('',#2700,#2701,#2702);
#2700 = CARTESIAN_POINT('',(1.355410894503,-2.798653249023,
    0.599999780181));
#2701 = DIRECTION('',(1.,-1.428823577311E-15,0.));
#2702 = DIRECTION('',(1.428823577311E-15,1.,0.));
#2703 = ADVANCED_FACE('',(#2704),#2715,.T.);
#2704 = FACE_BOUND('',#2705,.T.);
#2705 = EDGE_LOOP('',(#2706,#2712,#2713,#2714));
#2706 = ORIENTED_EDGE('',*,*,#2707,.F.);
#2707 = EDGE_CURVE('',#2686,#2437,#2708,.T.);
#2708 = LINE('',#2709,#2710);
#2709 = CARTESIAN_POINT('',(-8.070008637734,-2.627921546325,
    0.609999779911));
#2710 = VECTOR('',#2711,1.);
#2711 = DIRECTION('',(-1.,0.,0.));
#2712 = ORIENTED_EDGE('',*,*,#2685,.T.);
#2713 = ORIENTED_EDGE('',*,*,#542,.T.);
#2714 = ORIENTED_EDGE('',*,*,#2436,.F.);
#2715 = PLANE('',#2716);
#2716 = AXIS2_PLACEMENT_3D('',#2717,#2718,#2719);
#2717 = CARTESIAN_POINT('',(1.355410894503,-2.627921546325,
    0.599999780181));
#2718 = DIRECTION('',(4.023698579785E-16,1.,0.));
#2719 = DIRECTION('',(-1.,4.023698579785E-16,0.));
#2720 = ADVANCED_FACE('',(#2721),#2735,.F.);
#2721 = FACE_BOUND('',#2722,.T.);
#2722 = EDGE_LOOP('',(#2723,#2724,#2725,#2726,#2727,#2728,#2729,#2730,
    #2731,#2732,#2733,#2734));
#2723 = ORIENTED_EDGE('',*,*,#2693,.T.);
#2724 = ORIENTED_EDGE('',*,*,#2707,.T.);
#2725 = ORIENTED_EDGE('',*,*,#2453,.T.);
#2726 = ORIENTED_EDGE('',*,*,#2477,.T.);
#2727 = ORIENTED_EDGE('',*,*,#2501,.T.);
#2728 = ORIENTED_EDGE('',*,*,#2525,.T.);
#2729 = ORIENTED_EDGE('',*,*,#2549,.T.);
#2730 = ORIENTED_EDGE('',*,*,#2573,.T.);
#2731 = ORIENTED_EDGE('',*,*,#2597,.T.);
#2732 = ORIENTED_EDGE('',*,*,#2621,.T.);
#2733 = ORIENTED_EDGE('',*,*,#2645,.T.);
#2734 = ORIENTED_EDGE('',*,*,#2669,.T.);
#2735 = PLANE('',#2736);
#2736 = AXIS2_PLACEMENT_3D('',#2737,#2738,#2739);
#2737 = CARTESIAN_POINT('',(-8.070008637734,0.90998847461,0.609999779911
    ));
#2738 = DIRECTION('',(0.,0.,1.));
#2739 = DIRECTION('',(1.,0.,-0.));
#2740 = ADVANCED_FACE('',(#2741),#2768,.F.);
#2741 = FACE_BOUND('',#2742,.F.);
#2742 = EDGE_LOOP('',(#2743,#2755,#2761,#2762));
#2743 = ORIENTED_EDGE('',*,*,#2744,.T.);
#2744 = EDGE_CURVE('',#2745,#2747,#2749,.T.);
#2745 = VERTEX_POINT('',#2746);
#2746 = CARTESIAN_POINT('',(1.637137258833,-2.402311796331,
    0.609999779911));
#2747 = VERTEX_POINT('',#2748);
#2748 = CARTESIAN_POINT('',(1.520045036391,-2.434323990587,
    0.609999779911));
#2749 = B_SPLINE_CURVE_WITH_KNOTS('',3,(#2750,#2751,#2752,#2753,#2754),
  .UNSPECIFIED.,.F.,.F.,(4,1,4),(0.,0.440436656024,1.),.UNSPECIFIED.);
#2750 = CARTESIAN_POINT('',(1.637137258833,-2.402311796331,
    0.609999779911));
#2751 = CARTESIAN_POINT('',(1.618992569201,-2.4032806184,0.609999779911)
  );
#2752 = CARTESIAN_POINT('',(1.57779552217,-2.405480303771,0.609999779911
    ));
#2753 = CARTESIAN_POINT('',(1.540765615048,-2.423975023417,
    0.609999779911));
#2754 = CARTESIAN_POINT('',(1.520045036391,-2.434323990587,
    0.609999779911));
#2755 = ORIENTED_EDGE('',*,*,#2756,.T.);
#2756 = EDGE_CURVE('',#2747,#645,#2757,.T.);
#2757 = LINE('',#2758,#2759);
#2758 = CARTESIAN_POINT('',(1.520045036391,-2.434323990587,
    0.599999780181));
#2759 = VECTOR('',#2760,1.);
#2760 = DIRECTION('',(0.,0.,-1.));
#2761 = ORIENTED_EDGE('',*,*,#642,.F.);
#2762 = ORIENTED_EDGE('',*,*,#2763,.F.);
#2763 = EDGE_CURVE('',#2745,#643,#2764,.T.);
#2764 = LINE('',#2765,#2766);
#2765 = CARTESIAN_POINT('',(1.637137258833,-2.402311796331,
    0.599999780181));
#2766 = VECTOR('',#2767,1.);
#2767 = DIRECTION('',(0.,0.,-1.));
#2768 = B_SPLINE_SURFACE_WITH_KNOTS('',3,1,(
    (#2769,#2770)
    ,(#2771,#2772)
    ,(#2773,#2774)
    ,(#2775,#2776)
    ,(#2777,#2778
    )),.UNSPECIFIED.,.F.,.F.,.F.,(4,1,4),(2,2),(0.,0.559563343976,1.),(
    0.,1.),.UNSPECIFIED.);
#2769 = CARTESIAN_POINT('',(1.520045036391,-2.434323990587,
    0.599999780181));
#2770 = CARTESIAN_POINT('',(1.520045036391,-2.434323990587,
    0.609999779911));
#2771 = CARTESIAN_POINT('',(1.540765615048,-2.423975023417,
    0.599999780181));
#2772 = CARTESIAN_POINT('',(1.540765615048,-2.423975023417,
    0.609999779911));
#2773 = CARTESIAN_POINT('',(1.57779552217,-2.405480303771,0.599999780181
    ));
#2774 = CARTESIAN_POINT('',(1.57779552217,-2.405480303771,0.609999779911
    ));
#2775 = CARTESIAN_POINT('',(1.618992569201,-2.4032806184,0.599999780181)
  );
#2776 = CARTESIAN_POINT('',(1.618992569201,-2.4032806184,0.609999779911)
  );
#2777 = CARTESIAN_POINT('',(1.637137258833,-2.402311796331,
    0.599999780181));
#2778 = CARTESIAN_POINT('',(1.637137258833,-2.402311796331,
    0.609999779911));
#2779 = ADVANCED_FACE('',(#2780),#2798,.T.);
#2780 = FACE_BOUND('',#2781,.T.);
#2781 = EDGE_LOOP('',(#2782,#2783,#2784,#2792));
#2782 = ORIENTED_EDGE('',*,*,#2756,.T.);
#2783 = ORIENTED_EDGE('',*,*,#734,.T.);
#2784 = ORIENTED_EDGE('',*,*,#2785,.F.);
#2785 = EDGE_CURVE('',#2786,#725,#2788,.T.);
#2786 = VERTEX_POINT('',#2787);
#2787 = CARTESIAN_POINT('',(1.520045036391,-2.36725082167,0.609999779911
    ));
#2788 = LINE('',#2789,#2790);
#2789 = CARTESIAN_POINT('',(1.520045036391,-2.36725082167,0.599999780181
    ));
#2790 = VECTOR('',#2791,1.);
#2791 = DIRECTION('',(0.,0.,-1.));
#2792 = ORIENTED_EDGE('',*,*,#2793,.F.);
#2793 = EDGE_CURVE('',#2747,#2786,#2794,.T.);
#2794 = LINE('',#2795,#2796);
#2795 = CARTESIAN_POINT('',(1.520045036391,0.90998847461,0.609999779911)
  );
#2796 = VECTOR('',#2797,1.);
#2797 = DIRECTION('',(0.,1.,0.));
#2798 = PLANE('',#2799);
#2799 = AXIS2_PLACEMENT_3D('',#2800,#2801,#2802);
#2800 = CARTESIAN_POINT('',(1.520045036391,-2.434323990587,
    0.599999780181));
#2801 = DIRECTION('',(1.,-4.849340626026E-15,0.));
#2802 = DIRECTION('',(4.849340626026E-15,1.,0.));
#2803 = ADVANCED_FACE('',(#2804),#2824,.F.);
#2804 = FACE_BOUND('',#2805,.F.);
#2805 = EDGE_LOOP('',(#2806,#2816,#2822,#2823));
#2806 = ORIENTED_EDGE('',*,*,#2807,.T.);
#2807 = EDGE_CURVE('',#2786,#2808,#2810,.T.);
#2808 = VERTEX_POINT('',#2809);
#2809 = CARTESIAN_POINT('',(1.637708905159,-2.347433749035,
    0.609999779911));
#2810 = B_SPLINE_CURVE_WITH_KNOTS('',3,(#2811,#2812,#2813,#2814,#2815),
  .UNSPECIFIED.,.F.,.F.,(4,1,4),(0.,0.43977387616,1.),.UNSPECIFIED.);
#2811 = CARTESIAN_POINT('',(1.520045036391,-2.36725082167,0.609999779911
    ));
#2812 = CARTESIAN_POINT('',(1.53680587452,-2.361649808956,0.609999779911
    ));
#2813 = CARTESIAN_POINT('',(1.574918275091,-2.348913689288,
    0.609999779911));
#2814 = CARTESIAN_POINT('',(1.615162845482,-2.347965147131,
    0.609999779911));
#2815 = CARTESIAN_POINT('',(1.637708905159,-2.347433749035,
    0.609999779911));
#2816 = ORIENTED_EDGE('',*,*,#2817,.T.);
#2817 = EDGE_CURVE('',#2808,#715,#2818,.T.);
#2818 = LINE('',#2819,#2820);
#2819 = CARTESIAN_POINT('',(1.637708905159,-2.347433749035,
    0.599999780181));
#2820 = VECTOR('',#2821,1.);
#2821 = DIRECTION('',(0.,0.,-1.));
#2822 = ORIENTED_EDGE('',*,*,#724,.F.);
#2823 = ORIENTED_EDGE('',*,*,#2785,.F.);
#2824 = B_SPLINE_SURFACE_WITH_KNOTS('',3,1,(
    (#2825,#2826)
    ,(#2827,#2828)
    ,(#2829,#2830)
    ,(#2831,#2832)
    ,(#2833,#2834
    )),.UNSPECIFIED.,.F.,.F.,.F.,(4,1,4),(2,2),(0.,0.56022612384,1.),(0.
    ,1.),.UNSPECIFIED.);
#2825 = CARTESIAN_POINT('',(1.637708905159,-2.347433749035,
    0.599999780181));
#2826 = CARTESIAN_POINT('',(1.637708905159,-2.347433749035,
    0.609999779911));
#2827 = CARTESIAN_POINT('',(1.615162845482,-2.347965147131,
    0.599999780181));
#2828 = CARTESIAN_POINT('',(1.615162845482,-2.347965147131,
    0.609999779911));
#2829 = CARTESIAN_POINT('',(1.574918275091,-2.348913689288,
    0.599999780181));
#2830 = CARTESIAN_POINT('',(1.574918275091,-2.348913689288,
    0.609999779911));
#2831 = CARTESIAN_POINT('',(1.53680587452,-2.361649808956,0.599999780181
    ));
#2832 = CARTESIAN_POINT('',(1.53680587452,-2.361649808956,0.609999779911
    ));
#2833 = CARTESIAN_POINT('',(1.520045036391,-2.36725082167,0.599999780181
    ));
#2834 = CARTESIAN_POINT('',(1.520045036391,-2.36725082167,0.609999779911
    ));
#2835 = ADVANCED_FACE('',(#2836),#2856,.F.);
#2836 = FACE_BOUND('',#2837,.F.);
#2837 = EDGE_LOOP('',(#2838,#2848,#2854,#2855));
#2838 = ORIENTED_EDGE('',*,*,#2839,.T.);
#2839 = EDGE_CURVE('',#2808,#2840,#2842,.T.);
#2840 = VERTEX_POINT('',#2841);
#2841 = CARTESIAN_POINT('',(1.89199624584,-2.612963467461,0.609999779911
    ));
#2842 = B_SPLINE_CURVE_WITH_KNOTS('',3,(#2843,#2844,#2845,#2846,#2847),
  .UNSPECIFIED.,.F.,.F.,(4,1,4),(0.,0.442583305674,1.),.UNSPECIFIED.);
#2843 = CARTESIAN_POINT('',(1.637708905159,-2.347433749035,
    0.609999779911));
#2844 = CARTESIAN_POINT('',(1.700895373714,-2.359386538468,
    0.609999779911));
#2845 = CARTESIAN_POINT('',(1.843662775342,-2.386393407638,
    0.609999779911));
#2846 = CARTESIAN_POINT('',(1.874697161113,-2.531871532182,
    0.609999779911));
#2847 = CARTESIAN_POINT('',(1.89199624584,-2.612963467461,0.609999779911
    ));
#2848 = ORIENTED_EDGE('',*,*,#2849,.T.);
#2849 = EDGE_CURVE('',#2840,#705,#2850,.T.);
#2850 = LINE('',#2851,#2852);
#2851 = CARTESIAN_POINT('',(1.89199624584,-2.612963467461,0.599999780181
    ));
#2852 = VECTOR('',#2853,1.);
#2853 = DIRECTION('',(0.,0.,-1.));
#2854 = ORIENTED_EDGE('',*,*,#714,.F.);
#2855 = ORIENTED_EDGE('',*,*,#2817,.F.);
#2856 = B_SPLINE_SURFACE_WITH_KNOTS('',3,1,(
    (#2857,#2858)
    ,(#2859,#2860)
    ,(#2861,#2862)
    ,(#2863,#2864)
    ,(#2865,#2866
    )),.UNSPECIFIED.,.F.,.F.,.F.,(4,1,4),(2,2),(0.,0.557416694326,1.),(
    0.,1.),.UNSPECIFIED.);
#2857 = CARTESIAN_POINT('',(1.89199624584,-2.612963467461,0.599999780181
    ));
#2858 = CARTESIAN_POINT('',(1.89199624584,-2.612963467461,0.609999779911
    ));
#2859 = CARTESIAN_POINT('',(1.874697161113,-2.531871532182,
    0.599999780181));
#2860 = CARTESIAN_POINT('',(1.874697161113,-2.531871532182,
    0.609999779911));
#2861 = CARTESIAN_POINT('',(1.843662775342,-2.386393407638,
    0.599999780181));
#2862 = CARTESIAN_POINT('',(1.843662775342,-2.386393407638,
    0.609999779911));
#2863 = CARTESIAN_POINT('',(1.700895373714,-2.359386538468,
    0.599999780181));
#2864 = CARTESIAN_POINT('',(1.700895373714,-2.359386538468,
    0.609999779911));
#2865 = CARTESIAN_POINT('',(1.637708905159,-2.347433749035,
    0.599999780181));
#2866 = CARTESIAN_POINT('',(1.637708905159,-2.347433749035,
    0.609999779911));
#2867 = ADVANCED_FACE('',(#2868),#2888,.F.);
#2868 = FACE_BOUND('',#2869,.F.);
#2869 = EDGE_LOOP('',(#2870,#2880,#2886,#2887));
#2870 = ORIENTED_EDGE('',*,*,#2871,.T.);
#2871 = EDGE_CURVE('',#2840,#2872,#2874,.T.);
#2872 = VERTEX_POINT('',#2873);
#2873 = CARTESIAN_POINT('',(1.657621252181,-2.859628857129,
    0.609999779911));
#2874 = B_SPLINE_CURVE_WITH_KNOTS('',3,(#2875,#2876,#2877,#2878,#2879),
  .UNSPECIFIED.,.F.,.F.,(4,1,4),(0.,0.445317252035,1.),.UNSPECIFIED.);
#2875 = CARTESIAN_POINT('',(1.89199624584,-2.612963467461,0.609999779911
    ));
#2876 = CARTESIAN_POINT('',(1.883964267194,-2.672608743176,
    0.609999779911));
#2877 = CARTESIAN_POINT('',(1.865927735688,-2.806547582154,
    0.609999779911));
#2878 = CARTESIAN_POINT('',(1.731941246303,-2.840690416147,
    0.609999779911));
#2879 = CARTESIAN_POINT('',(1.657621252181,-2.859628857129,
    0.609999779911));
#2880 = ORIENTED_EDGE('',*,*,#2881,.T.);
#2881 = EDGE_CURVE('',#2872,#695,#2882,.T.);
#2882 = LINE('',#2883,#2884);
#2883 = CARTESIAN_POINT('',(1.657621252181,-2.859628857129,
    0.599999780181));
#2884 = VECTOR('',#2885,1.);
#2885 = DIRECTION('',(0.,0.,-1.));
#2886 = ORIENTED_EDGE('',*,*,#704,.F.);
#2887 = ORIENTED_EDGE('',*,*,#2849,.F.);
#2888 = B_SPLINE_SURFACE_WITH_KNOTS('',3,1,(
    (#2889,#2890)
    ,(#2891,#2892)
    ,(#2893,#2894)
    ,(#2895,#2896)
    ,(#2897,#2898
    )),.UNSPECIFIED.,.F.,.F.,.F.,(4,1,4),(2,2),(0.,0.554682747965,1.),(
    0.,1.),.UNSPECIFIED.);
#2889 = CARTESIAN_POINT('',(1.657621252181,-2.859628857129,
    0.599999780181));
#2890 = CARTESIAN_POINT('',(1.657621252181,-2.859628857129,
    0.609999779911));
#2891 = CARTESIAN_POINT('',(1.731941246303,-2.840690416147,
    0.599999780181));
#2892 = CARTESIAN_POINT('',(1.731941246303,-2.840690416147,
    0.609999779911));
#2893 = CARTESIAN_POINT('',(1.865927735688,-2.806547582154,
    0.599999780181));
#2894 = CARTESIAN_POINT('',(1.865927735688,-2.806547582154,
    0.609999779911));
#2895 = CARTESIAN_POINT('',(1.883964267194,-2.672608743176,
    0.599999780181));
#2896 = CARTESIAN_POINT('',(1.883964267194,-2.672608743176,
    0.609999779911));
#2897 = CARTESIAN_POINT('',(1.89199624584,-2.612963467461,0.599999780181
    ));
#2898 = CARTESIAN_POINT('',(1.89199624584,-2.612963467461,0.609999779911
    ));
#2899 = ADVANCED_FACE('',(#2900),#2920,.F.);
#2900 = FACE_BOUND('',#2901,.F.);
#2901 = EDGE_LOOP('',(#2902,#2912,#2918,#2919));
#2902 = ORIENTED_EDGE('',*,*,#2903,.T.);
#2903 = EDGE_CURVE('',#2872,#2904,#2906,.T.);
#2904 = VERTEX_POINT('',#2905);
#2905 = CARTESIAN_POINT('',(1.520045036391,-2.827616662874,
    0.609999779911));
#2906 = B_SPLINE_CURVE_WITH_KNOTS('',3,(#2907,#2908,#2909,#2910,#2911),
  .UNSPECIFIED.,.F.,.F.,(4,1,4),(0.,0.440890142866,1.),.UNSPECIFIED.);
#2907 = CARTESIAN_POINT('',(1.657621252181,-2.859628857129,
    0.609999779911));
#2908 = CARTESIAN_POINT('',(1.63651134742,-2.85904030102,0.609999779911)
  );
#2909 = CARTESIAN_POINT('',(1.588631155262,-2.857705374124,
    0.609999779911));
#2910 = CARTESIAN_POINT('',(1.544640593239,-2.838406726814,
    0.609999779911));
#2911 = CARTESIAN_POINT('',(1.520045036391,-2.827616662874,
    0.609999779911));
#2912 = ORIENTED_EDGE('',*,*,#2913,.T.);
#2913 = EDGE_CURVE('',#2904,#685,#2914,.T.);
#2914 = LINE('',#2915,#2916);
#2915 = CARTESIAN_POINT('',(1.520045036391,-2.827616662874,
    0.599999780181));
#2916 = VECTOR('',#2917,1.);
#2917 = DIRECTION('',(0.,0.,-1.));
#2918 = ORIENTED_EDGE('',*,*,#694,.F.);
#2919 = ORIENTED_EDGE('',*,*,#2881,.F.);
#2920 = B_SPLINE_SURFACE_WITH_KNOTS('',3,1,(
    (#2921,#2922)
    ,(#2923,#2924)
    ,(#2925,#2926)
    ,(#2927,#2928)
    ,(#2929,#2930
    )),.UNSPECIFIED.,.F.,.F.,.F.,(4,1,4),(2,2),(0.,0.559109857134,1.),(
    0.,1.),.UNSPECIFIED.);
#2921 = CARTESIAN_POINT('',(1.520045036391,-2.827616662874,
    0.599999780181));
#2922 = CARTESIAN_POINT('',(1.520045036391,-2.827616662874,
    0.609999779911));
#2923 = CARTESIAN_POINT('',(1.544640593239,-2.838406726814,
    0.599999780181));
#2924 = CARTESIAN_POINT('',(1.544640593239,-2.838406726814,
    0.609999779911));
#2925 = CARTESIAN_POINT('',(1.588631155262,-2.857705374124,
    0.599999780181));
#2926 = CARTESIAN_POINT('',(1.588631155262,-2.857705374124,
    0.609999779911));
#2927 = CARTESIAN_POINT('',(1.63651134742,-2.85904030102,0.599999780181)
  );
#2928 = CARTESIAN_POINT('',(1.63651134742,-2.85904030102,0.609999779911)
  );
#2929 = CARTESIAN_POINT('',(1.657621252181,-2.859628857129,
    0.599999780181));
#2930 = CARTESIAN_POINT('',(1.657621252181,-2.859628857129,
    0.609999779911));
#2931 = ADVANCED_FACE('',(#2932),#2950,.T.);
#2932 = FACE_BOUND('',#2933,.T.);
#2933 = EDGE_LOOP('',(#2934,#2935,#2936,#2944));
#2934 = ORIENTED_EDGE('',*,*,#2913,.T.);
#2935 = ORIENTED_EDGE('',*,*,#684,.T.);
#2936 = ORIENTED_EDGE('',*,*,#2937,.F.);
#2937 = EDGE_CURVE('',#2938,#675,#2940,.T.);
#2938 = VERTEX_POINT('',#2939);
#2939 = CARTESIAN_POINT('',(1.520045036391,-2.772738615578,
    0.609999779911));
#2940 = LINE('',#2941,#2942);
#2941 = CARTESIAN_POINT('',(1.520045036391,-2.772738615578,
    0.599999780181));
#2942 = VECTOR('',#2943,1.);
#2943 = DIRECTION('',(0.,0.,-1.));
#2944 = ORIENTED_EDGE('',*,*,#2945,.F.);
#2945 = EDGE_CURVE('',#2904,#2938,#2946,.T.);
#2946 = LINE('',#2947,#2948);
#2947 = CARTESIAN_POINT('',(1.520045036391,0.90998847461,0.609999779911)
  );
#2948 = VECTOR('',#2949,1.);
#2949 = DIRECTION('',(0.,1.,0.));
#2950 = PLANE('',#2951);
#2951 = AXIS2_PLACEMENT_3D('',#2952,#2953,#2954);
#2952 = CARTESIAN_POINT('',(1.520045036391,-2.827616662874,
    0.599999780181));
#2953 = DIRECTION('',(1.,0.,0.));
#2954 = DIRECTION('',(-0.,1.,0.));
#2955 = ADVANCED_FACE('',(#2956),#2976,.F.);
#2956 = FACE_BOUND('',#2957,.F.);
#2957 = EDGE_LOOP('',(#2958,#2968,#2974,#2975));
#2958 = ORIENTED_EDGE('',*,*,#2959,.T.);
#2959 = EDGE_CURVE('',#2938,#2960,#2962,.T.);
#2960 = VERTEX_POINT('',#2961);
#2961 = CARTESIAN_POINT('',(1.648379636577,-2.804750809834,
    0.609999779911));
#2962 = B_SPLINE_CURVE_WITH_KNOTS('',3,(#2963,#2964,#2965,#2966,#2967),
  .UNSPECIFIED.,.F.,.F.,(4,1,4),(0.,0.440010228627,1.),.UNSPECIFIED.);
#2963 = CARTESIAN_POINT('',(1.520045036391,-2.772738615578,
    0.609999779911));
#2964 = CARTESIAN_POINT('',(1.537805108717,-2.781416151884,
    0.609999779911));
#2965 = CARTESIAN_POINT('',(1.578167971147,-2.801137366849,
    0.609999779911));
#2966 = CARTESIAN_POINT('',(1.623175744094,-2.803453691642,
    0.609999779911));
#2967 = CARTESIAN_POINT('',(1.648379636577,-2.804750809834,
    0.609999779911));
#2968 = ORIENTED_EDGE('',*,*,#2969,.T.);
#2969 = EDGE_CURVE('',#2960,#665,#2970,.T.);
#2970 = LINE('',#2971,#2972);
#2971 = CARTESIAN_POINT('',(1.648379636577,-2.804750809834,
    0.599999780181));
#2972 = VECTOR('',#2973,1.);
#2973 = DIRECTION('',(0.,0.,-1.));
#2974 = ORIENTED_EDGE('',*,*,#674,.F.);
#2975 = ORIENTED_EDGE('',*,*,#2937,.F.);
#2976 = B_SPLINE_SURFACE_WITH_KNOTS('',3,1,(
    (#2977,#2978)
    ,(#2979,#2980)
    ,(#2981,#2982)
    ,(#2983,#2984)
    ,(#2985,#2986
    )),.UNSPECIFIED.,.F.,.F.,.F.,(4,1,4),(2,2),(0.,0.559989771373,1.),(
    0.,1.),.UNSPECIFIED.);
#2977 = CARTESIAN_POINT('',(1.648379636577,-2.804750809834,
    0.599999780181));
#2978 = CARTESIAN_POINT('',(1.648379636577,-2.804750809834,
    0.609999779911));
#2979 = CARTESIAN_POINT('',(1.623175744094,-2.803453691642,
    0.599999780181));
#2980 = CARTESIAN_POINT('',(1.623175744094,-2.803453691642,
    0.609999779911));
#2981 = CARTESIAN_POINT('',(1.578167971147,-2.801137366849,
    0.599999780181));
#2982 = CARTESIAN_POINT('',(1.578167971147,-2.801137366849,
    0.609999779911));
#2983 = CARTESIAN_POINT('',(1.537805108717,-2.781416151884,
    0.599999780181));
#2984 = CARTESIAN_POINT('',(1.537805108717,-2.781416151884,
    0.609999779911));
#2985 = CARTESIAN_POINT('',(1.520045036391,-2.772738615578,
    0.599999780181));
#2986 = CARTESIAN_POINT('',(1.520045036391,-2.772738615578,
    0.609999779911));
#2987 = ADVANCED_FACE('',(#2988),#3008,.F.);
#2988 = FACE_BOUND('',#2989,.F.);
#2989 = EDGE_LOOP('',(#2990,#3000,#3006,#3007));
#2990 = ORIENTED_EDGE('',*,*,#2991,.T.);
#2991 = EDGE_CURVE('',#2960,#2992,#2994,.T.);
#2992 = VERTEX_POINT('',#2993);
#2993 = CARTESIAN_POINT('',(1.824923076923,-2.608866668792,
    0.609999779911));
#2994 = B_SPLINE_CURVE_WITH_KNOTS('',3,(#2995,#2996,#2997,#2998,#2999),
  .UNSPECIFIED.,.F.,.F.,(4,1,4),(0.,0.440948198198,1.),.UNSPECIFIED.);
#2995 = CARTESIAN_POINT('',(1.648379636577,-2.804750809834,
    0.609999779911));
#2996 = CARTESIAN_POINT('',(1.693702714942,-2.795402851945,
    0.609999779911));
#2997 = CARTESIAN_POINT('',(1.796488208906,-2.774203178316,
    0.609999779911));
#2998 = CARTESIAN_POINT('',(1.814726774157,-2.668153777434,
    0.609999779911));
#2999 = CARTESIAN_POINT('',(1.824923076923,-2.608866668792,
    0.609999779911));
#3000 = ORIENTED_EDGE('',*,*,#3001,.T.);
#3001 = EDGE_CURVE('',#2992,#655,#3002,.T.);
#3002 = LINE('',#3003,#3004);
#3003 = CARTESIAN_POINT('',(1.824923076923,-2.608866668792,
    0.599999780181));
#3004 = VECTOR('',#3005,1.);
#3005 = DIRECTION('',(0.,0.,-1.));
#3006 = ORIENTED_EDGE('',*,*,#664,.F.);
#3007 = ORIENTED_EDGE('',*,*,#2969,.F.);
#3008 = B_SPLINE_SURFACE_WITH_KNOTS('',3,1,(
    (#3009,#3010)
    ,(#3011,#3012)
    ,(#3013,#3014)
    ,(#3015,#3016)
    ,(#3017,#3018
    )),.UNSPECIFIED.,.F.,.F.,.F.,(4,1,4),(2,2),(0.,0.559051801802,1.),(
    0.,1.),.UNSPECIFIED.);
#3009 = CARTESIAN_POINT('',(1.824923076923,-2.608866668792,
    0.599999780181));
#3010 = CARTESIAN_POINT('',(1.824923076923,-2.608866668792,
    0.609999779911));
#3011 = CARTESIAN_POINT('',(1.814726774157,-2.668153777434,
    0.599999780181));
#3012 = CARTESIAN_POINT('',(1.814726774157,-2.668153777434,
    0.609999779911));
#3013 = CARTESIAN_POINT('',(1.796488208906,-2.774203178316,
    0.599999780181));
#3014 = CARTESIAN_POINT('',(1.796488208906,-2.774203178316,
    0.609999779911));
#3015 = CARTESIAN_POINT('',(1.693702714942,-2.795402851945,
    0.599999780181));
#3016 = CARTESIAN_POINT('',(1.693702714942,-2.795402851945,
    0.609999779911));
#3017 = CARTESIAN_POINT('',(1.648379636577,-2.804750809834,
    0.599999780181));
#3018 = CARTESIAN_POINT('',(1.648379636577,-2.804750809834,
    0.609999779911));
#3019 = ADVANCED_FACE('',(#3020),#3033,.F.);
#3020 = FACE_BOUND('',#3021,.F.);
#3021 = EDGE_LOOP('',(#3022,#3023,#3024,#3025));
#3022 = ORIENTED_EDGE('',*,*,#2763,.T.);
#3023 = ORIENTED_EDGE('',*,*,#654,.F.);
#3024 = ORIENTED_EDGE('',*,*,#3001,.F.);
#3025 = ORIENTED_EDGE('',*,*,#3026,.T.);
#3026 = EDGE_CURVE('',#2992,#2745,#3027,.T.);
#3027 = B_SPLINE_CURVE_WITH_KNOTS('',3,(#3028,#3029,#3030,#3031,#3032),
  .UNSPECIFIED.,.F.,.F.,(4,1,4),(0.,0.44618891039,1.),.UNSPECIFIED.);
#3028 = CARTESIAN_POINT('',(1.824923076923,-2.608866668792,
    0.609999779911));
#3029 = CARTESIAN_POINT('',(1.819126339098,-2.559880954339,
    0.609999779911));
#3030 = CARTESIAN_POINT('',(1.806134671913,-2.450094015865,
    0.609999779911));
#3031 = CARTESIAN_POINT('',(1.697371506165,-2.419342388558,
    0.609999779911));
#3032 = CARTESIAN_POINT('',(1.637137258833,-2.402311796331,
    0.609999779911));
#3033 = B_SPLINE_SURFACE_WITH_KNOTS('',3,1,(
    (#3034,#3035)
    ,(#3036,#3037)
    ,(#3038,#3039)
    ,(#3040,#3041)
    ,(#3042,#3043
    )),.UNSPECIFIED.,.F.,.F.,.F.,(4,1,4),(2,2),(0.,0.55381108961,1.),(0.
    ,1.),.UNSPECIFIED.);
#3034 = CARTESIAN_POINT('',(1.637137258833,-2.402311796331,
    0.599999780181));
#3035 = CARTESIAN_POINT('',(1.637137258833,-2.402311796331,
    0.609999779911));
#3036 = CARTESIAN_POINT('',(1.697371506165,-2.419342388558,
    0.599999780181));
#3037 = CARTESIAN_POINT('',(1.697371506165,-2.419342388558,
    0.609999779911));
#3038 = CARTESIAN_POINT('',(1.806134671913,-2.450094015865,
    0.599999780181));
#3039 = CARTESIAN_POINT('',(1.806134671913,-2.450094015865,
    0.609999779911));
#3040 = CARTESIAN_POINT('',(1.819126339098,-2.559880954339,
    0.599999780181));
#3041 = CARTESIAN_POINT('',(1.819126339098,-2.559880954339,
    0.609999779911));
#3042 = CARTESIAN_POINT('',(1.824923076923,-2.608866668792,
    0.599999780181));
#3043 = CARTESIAN_POINT('',(1.824923076923,-2.608866668792,
    0.609999779911));
#3044 = ADVANCED_FACE('',(#3045),#3057,.F.);
#3045 = FACE_BOUND('',#3046,.T.);
#3046 = EDGE_LOOP('',(#3047,#3048,#3049,#3050,#3051,#3052,#3053,#3054,
    #3055,#3056));
#3047 = ORIENTED_EDGE('',*,*,#2991,.T.);
#3048 = ORIENTED_EDGE('',*,*,#3026,.T.);
#3049 = ORIENTED_EDGE('',*,*,#2744,.T.);
#3050 = ORIENTED_EDGE('',*,*,#2793,.T.);
#3051 = ORIENTED_EDGE('',*,*,#2807,.T.);
#3052 = ORIENTED_EDGE('',*,*,#2839,.T.);
#3053 = ORIENTED_EDGE('',*,*,#2871,.T.);
#3054 = ORIENTED_EDGE('',*,*,#2903,.T.);
#3055 = ORIENTED_EDGE('',*,*,#2945,.T.);
#3056 = ORIENTED_EDGE('',*,*,#2959,.T.);
#3057 = PLANE('',#3058);
#3058 = AXIS2_PLACEMENT_3D('',#3059,#3060,#3061);
#3059 = CARTESIAN_POINT('',(-8.070008637734,0.90998847461,0.609999779911
    ));
#3060 = DIRECTION('',(0.,0.,1.));
#3061 = DIRECTION('',(1.,0.,-0.));
#3062 = ADVANCED_FACE('',(#3063),#3088,.T.);
#3063 = FACE_BOUND('',#3064,.T.);
#3064 = EDGE_LOOP('',(#3065,#3073,#3074,#3082));
#3065 = ORIENTED_EDGE('',*,*,#3066,.T.);
#3066 = EDGE_CURVE('',#3067,#176,#3069,.T.);
#3067 = VERTEX_POINT('',#3068);
#3068 = CARTESIAN_POINT('',(2.190776725561,-2.353531309846,
    0.609999779911));
#3069 = LINE('',#3070,#3071);
#3070 = CARTESIAN_POINT('',(2.190776725561,-2.353531309846,
    0.599999780181));
#3071 = VECTOR('',#3072,1.);
#3072 = DIRECTION('',(0.,0.,-1.));
#3073 = ORIENTED_EDGE('',*,*,#175,.T.);
#3074 = ORIENTED_EDGE('',*,*,#3075,.F.);
#3075 = EDGE_CURVE('',#3076,#164,#3078,.T.);
#3076 = VERTEX_POINT('',#3077);
#3077 = CARTESIAN_POINT('',(2.190776725561,-2.853531296319,
    0.609999779911));
#3078 = LINE('',#3079,#3080);
#3079 = CARTESIAN_POINT('',(2.190776725561,-2.853531296319,
    0.599999780181));
#3080 = VECTOR('',#3081,1.);
#3081 = DIRECTION('',(0.,0.,-1.));
#3082 = ORIENTED_EDGE('',*,*,#3083,.F.);
#3083 = EDGE_CURVE('',#3067,#3076,#3084,.T.);
#3084 = LINE('',#3085,#3086);
#3085 = CARTESIAN_POINT('',(2.190776725561,0.90998847461,0.609999779911)
  );
#3086 = VECTOR('',#3087,1.);
#3087 = DIRECTION('',(-0.,-1.,-0.));
#3088 = PLANE('',#3089);
#3089 = AXIS2_PLACEMENT_3D('',#3090,#3091,#3092);
#3090 = CARTESIAN_POINT('',(2.190776725561,-2.353531309846,
    0.599999780181));
#3091 = DIRECTION('',(-1.,1.301042606983E-15,0.));
#3092 = DIRECTION('',(-1.301042606983E-15,-1.,0.));
#3093 = ADVANCED_FACE('',(#3094),#3112,.T.);
#3094 = FACE_BOUND('',#3095,.T.);
#3095 = EDGE_LOOP('',(#3096,#3097,#3098,#3106));
#3096 = ORIENTED_EDGE('',*,*,#3075,.T.);
#3097 = ORIENTED_EDGE('',*,*,#163,.T.);
#3098 = ORIENTED_EDGE('',*,*,#3099,.F.);
#3099 = EDGE_CURVE('',#3100,#166,#3102,.T.);
#3100 = VERTEX_POINT('',#3101);
#3101 = CARTESIAN_POINT('',(1.934679171514,-2.853531296319,
    0.609999779911));
#3102 = LINE('',#3103,#3104);
#3103 = CARTESIAN_POINT('',(1.934679171514,-2.853531296319,
    0.599999780181));
#3104 = VECTOR('',#3105,1.);
#3105 = DIRECTION('',(0.,0.,-1.));
#3106 = ORIENTED_EDGE('',*,*,#3107,.F.);
#3107 = EDGE_CURVE('',#3076,#3100,#3108,.T.);
#3108 = LINE('',#3109,#3110);
#3109 = CARTESIAN_POINT('',(-8.070008637734,-2.853531296319,
    0.609999779911));
#3110 = VECTOR('',#3111,1.);
#3111 = DIRECTION('',(-1.,0.,0.));
#3112 = PLANE('',#3113);
#3113 = AXIS2_PLACEMENT_3D('',#3114,#3115,#3116);
#3114 = CARTESIAN_POINT('',(2.190776725561,-2.853531296319,
    0.599999780181));
#3115 = DIRECTION('',(6.350327010272E-16,1.,0.));
#3116 = DIRECTION('',(-1.,6.350327010272E-16,0.));
#3117 = ADVANCED_FACE('',(#3118),#3136,.T.);
#3118 = FACE_BOUND('',#3119,.T.);
#3119 = EDGE_LOOP('',(#3120,#3121,#3122,#3130));
#3120 = ORIENTED_EDGE('',*,*,#3099,.T.);
#3121 = ORIENTED_EDGE('',*,*,#215,.T.);
#3122 = ORIENTED_EDGE('',*,*,#3123,.F.);
#3123 = EDGE_CURVE('',#3124,#206,#3126,.T.);
#3124 = VERTEX_POINT('',#3125);
#3125 = CARTESIAN_POINT('',(1.934679171514,-2.798653249023,
    0.609999779911));
#3126 = LINE('',#3127,#3128);
#3127 = CARTESIAN_POINT('',(1.934679171514,-2.798653249023,
    0.599999780181));
#3128 = VECTOR('',#3129,1.);
#3129 = DIRECTION('',(0.,0.,-1.));
#3130 = ORIENTED_EDGE('',*,*,#3131,.F.);
#3131 = EDGE_CURVE('',#3100,#3124,#3132,.T.);
#3132 = LINE('',#3133,#3134);
#3133 = CARTESIAN_POINT('',(1.934679171514,0.90998847461,0.609999779911)
  );
#3134 = VECTOR('',#3135,1.);
#3135 = DIRECTION('',(0.,1.,0.));
#3136 = PLANE('',#3137);
#3137 = AXIS2_PLACEMENT_3D('',#3138,#3139,#3140);
#3138 = CARTESIAN_POINT('',(1.934679171514,-2.853531296319,
    0.599999780181));
#3139 = DIRECTION('',(1.,0.,0.));
#3140 = DIRECTION('',(-0.,1.,0.));
#3141 = ADVANCED_FACE('',(#3142),#3160,.T.);
#3142 = FACE_BOUND('',#3143,.T.);
#3143 = EDGE_LOOP('',(#3144,#3145,#3146,#3154));
#3144 = ORIENTED_EDGE('',*,*,#3123,.T.);
#3145 = ORIENTED_EDGE('',*,*,#205,.T.);
#3146 = ORIENTED_EDGE('',*,*,#3147,.F.);
#3147 = EDGE_CURVE('',#3148,#196,#3150,.T.);
#3148 = VERTEX_POINT('',#3149);
#3149 = CARTESIAN_POINT('',(2.123703556644,-2.798653249023,
    0.609999779911));
#3150 = LINE('',#3151,#3152);
#3151 = CARTESIAN_POINT('',(2.123703556644,-2.798653249023,
    0.599999780181));
#3152 = VECTOR('',#3153,1.);
#3153 = DIRECTION('',(0.,0.,-1.));
#3154 = ORIENTED_EDGE('',*,*,#3155,.F.);
#3155 = EDGE_CURVE('',#3124,#3148,#3156,.T.);
#3156 = LINE('',#3157,#3158);
#3157 = CARTESIAN_POINT('',(-8.070008637734,-2.798653249023,
    0.609999779911));
#3158 = VECTOR('',#3159,1.);
#3159 = DIRECTION('',(1.,0.,0.));
#3160 = PLANE('',#3161);
#3161 = AXIS2_PLACEMENT_3D('',#3162,#3163,#3164);
#3162 = CARTESIAN_POINT('',(1.934679171514,-2.798653249023,
    0.599999780181));
#3163 = DIRECTION('',(0.,-1.,0.));
#3164 = DIRECTION('',(1.,0.,0.));
#3165 = ADVANCED_FACE('',(#3166),#3184,.T.);
#3166 = FACE_BOUND('',#3167,.T.);
#3167 = EDGE_LOOP('',(#3168,#3169,#3170,#3178));
#3168 = ORIENTED_EDGE('',*,*,#3147,.T.);
#3169 = ORIENTED_EDGE('',*,*,#195,.T.);
#3170 = ORIENTED_EDGE('',*,*,#3171,.F.);
#3171 = EDGE_CURVE('',#3172,#186,#3174,.T.);
#3172 = VERTEX_POINT('',#3173);
#3173 = CARTESIAN_POINT('',(2.123703556644,-2.353531309846,
    0.609999779911));
#3174 = LINE('',#3175,#3176);
#3175 = CARTESIAN_POINT('',(2.123703556644,-2.353531309846,
    0.599999780181));
#3176 = VECTOR('',#3177,1.);
#3177 = DIRECTION('',(0.,0.,-1.));
#3178 = ORIENTED_EDGE('',*,*,#3179,.F.);
#3179 = EDGE_CURVE('',#3148,#3172,#3180,.T.);
#3180 = LINE('',#3181,#3182);
#3181 = CARTESIAN_POINT('',(2.123703556644,0.90998847461,0.609999779911)
  );
#3182 = VECTOR('',#3183,1.);
#3183 = DIRECTION('',(0.,1.,0.));
#3184 = PLANE('',#3185);
#3185 = AXIS2_PLACEMENT_3D('',#3186,#3187,#3188);
#3186 = CARTESIAN_POINT('',(2.123703556644,-2.798653249023,
    0.599999780181));
#3187 = DIRECTION('',(1.,-2.922890240344E-15,0.));
#3188 = DIRECTION('',(2.922890240344E-15,1.,0.));
#3189 = ADVANCED_FACE('',(#3190),#3201,.T.);
#3190 = FACE_BOUND('',#3191,.T.);
#3191 = EDGE_LOOP('',(#3192,#3198,#3199,#3200));
#3192 = ORIENTED_EDGE('',*,*,#3193,.F.);
#3193 = EDGE_CURVE('',#3172,#3067,#3194,.T.);
#3194 = LINE('',#3195,#3196);
#3195 = CARTESIAN_POINT('',(-8.070008637734,-2.353531309846,
    0.609999779911));
#3196 = VECTOR('',#3197,1.);
#3197 = DIRECTION('',(1.,0.,0.));
#3198 = ORIENTED_EDGE('',*,*,#3171,.T.);
#3199 = ORIENTED_EDGE('',*,*,#185,.T.);
#3200 = ORIENTED_EDGE('',*,*,#3066,.F.);
#3201 = PLANE('',#3202);
#3202 = AXIS2_PLACEMENT_3D('',#3203,#3204,#3205);
#3203 = CARTESIAN_POINT('',(2.123703556644,-2.353531309846,
    0.599999780181));
#3204 = DIRECTION('',(0.,-1.,0.));
#3205 = DIRECTION('',(1.,0.,0.));
#3206 = ADVANCED_FACE('',(#3207),#3215,.F.);
#3207 = FACE_BOUND('',#3208,.T.);
#3208 = EDGE_LOOP('',(#3209,#3210,#3211,#3212,#3213,#3214));
#3209 = ORIENTED_EDGE('',*,*,#3179,.T.);
#3210 = ORIENTED_EDGE('',*,*,#3193,.T.);
#3211 = ORIENTED_EDGE('',*,*,#3083,.T.);
#3212 = ORIENTED_EDGE('',*,*,#3107,.T.);
#3213 = ORIENTED_EDGE('',*,*,#3131,.T.);
#3214 = ORIENTED_EDGE('',*,*,#3155,.T.);
#3215 = PLANE('',#3216);
#3216 = AXIS2_PLACEMENT_3D('',#3217,#3218,#3219);
#3217 = CARTESIAN_POINT('',(-8.070008637734,0.90998847461,0.609999779911
    ));
#3218 = DIRECTION('',(0.,0.,1.));
#3219 = DIRECTION('',(1.,0.,-0.));
#3220 = ADVANCED_FACE('',(#3221),#3228,.F.);
#3221 = FACE_BOUND('',#3222,.T.);
#3222 = EDGE_LOOP('',(#3223,#3224,#3225,#3226,#3227));
#3223 = ORIENTED_EDGE('',*,*,#1974,.F.);
#3224 = ORIENTED_EDGE('',*,*,#2000,.F.);
#3225 = ORIENTED_EDGE('',*,*,#2026,.F.);
#3226 = ORIENTED_EDGE('',*,*,#2052,.F.);
#3227 = ORIENTED_EDGE('',*,*,#2076,.F.);
#3228 = PLANE('',#3229);
#3229 = AXIS2_PLACEMENT_3D('',#3230,#3231,#3232);
#3230 = CARTESIAN_POINT('',(-8.070008637734,0.90998847461,0.599999780181
    ));
#3231 = DIRECTION('',(0.,0.,1.));
#3232 = DIRECTION('',(1.,0.,-0.));
#3233 = ADVANCED_FACE('',(#3234),#3241,.F.);
#3234 = FACE_BOUND('',#3235,.T.);
#3235 = EDGE_LOOP('',(#3236,#3237,#3238,#3239,#3240));
#3236 = ORIENTED_EDGE('',*,*,#2311,.F.);
#3237 = ORIENTED_EDGE('',*,*,#2343,.F.);
#3238 = ORIENTED_EDGE('',*,*,#2369,.F.);
#3239 = ORIENTED_EDGE('',*,*,#2395,.F.);
#3240 = ORIENTED_EDGE('',*,*,#2413,.F.);
#3241 = PLANE('',#3242);
#3242 = AXIS2_PLACEMENT_3D('',#3243,#3244,#3245);
#3243 = CARTESIAN_POINT('',(-8.070008637734,0.90998847461,0.599999780181
    ));
#3244 = DIRECTION('',(0.,0.,1.));
#3245 = DIRECTION('',(1.,0.,-0.));
#3246 = ( GEOMETRIC_REPRESENTATION_CONTEXT(3) 
GLOBAL_UNCERTAINTY_ASSIGNED_CONTEXT((#3250)) 
GLOBAL_UNIT_ASSIGNED_CONTEXT((#3247,#3248,#3249)) REPRESENTATION_CONTEXT
('Context #1','3D Context with UNIT and UNCERTAINTY') );
#3247 = ( LENGTH_UNIT() NAMED_UNIT(*) SI_UNIT(.MILLI.,.METRE.) );
#3248 = ( NAMED_UNIT(*) PLANE_ANGLE_UNIT() SI_UNIT($,.RADIAN.) );
#3249 = ( NAMED_UNIT(*) SI_UNIT($,.STERADIAN.) SOLID_ANGLE_UNIT() );
#3250 = UNCERTAINTY_MEASURE_WITH_UNIT(LENGTH_MEASURE(1.E-07),#3247,
  'distance_accuracy_value','confusion accuracy');
#3251 = CONTEXT_DEPENDENT_SHAPE_REPRESENTATION(#3252,#3254);
#3252 = ( REPRESENTATION_RELATIONSHIP('','',#32,#10) 
REPRESENTATION_RELATIONSHIP_WITH_TRANSFORMATION(#3253) 
SHAPE_REPRESENTATION_RELATIONSHIP() );
#3253 = ITEM_DEFINED_TRANSFORMATION('','',#11,#15);
#3254 = PRODUCT_DEFINITION_SHAPE('Placement','Placement of an item',
  #3255);
#3255 = NEXT_ASSEMBLY_USAGE_OCCURRENCE('1',
  'PWRM-TH_BXXXXS-2WR3~PWRM-TH_BXXXXS-2WR3~JhKS','',#5,#27,$);
#3256 = PRODUCT_RELATED_PRODUCT_CATEGORY('part',$,(#29));
#3257 = MECHANICAL_DESIGN_GEOMETRIC_PRESENTATION_REPRESENTATION('',(
    #3258,#3269,#3277,#3284,#3291,#3298,#3305,#3312,#3319,#3326,#3333,
    #3340,#3347,#3354,#3361,#3368,#3375,#3382,#3389,#3396,#3403,#3410,
    #3417,#3424,#3431),#3246);
#3258 = STYLED_ITEM('color',(#3259),#33);
#3259 = PRESENTATION_STYLE_ASSIGNMENT((#3260,#3266));
#3260 = SURFACE_STYLE_USAGE(.BOTH.,#3261);
#3261 = SURFACE_SIDE_STYLE('',(#3262));
#3262 = SURFACE_STYLE_FILL_AREA(#3263);
#3263 = FILL_AREA_STYLE('',(#3264));
#3264 = FILL_AREA_STYLE_COLOUR('',#3265);
#3265 = COLOUR_RGB('',0.83137256512,0.83137256512,0.819607860991);
#3266 = CURVE_STYLE('',#3267,POSITIVE_LENGTH_MEASURE(0.1),#3268);
#3267 = DRAUGHTING_PRE_DEFINED_CURVE_FONT('continuous');
#3268 = COLOUR_RGB('',9.803921802644E-02,9.803921802644E-02,
  9.803921802644E-02);
#3269 = OVER_RIDING_STYLED_ITEM('overriding color',(#3270),#77,#3258);
#3270 = PRESENTATION_STYLE_ASSIGNMENT((#3271));
#3271 = SURFACE_STYLE_USAGE(.BOTH.,#3272);
#3272 = SURFACE_SIDE_STYLE('',(#3273));
#3273 = SURFACE_STYLE_FILL_AREA(#3274);
#3274 = FILL_AREA_STYLE('',(#3275));
#3275 = FILL_AREA_STYLE_COLOUR('',#3276);
#3276 = COLOUR_RGB('',0.298039221799,0.298039221799,0.298039221799);
#3277 = OVER_RIDING_STYLED_ITEM('overriding color',(#3278),#159,#3258);
#3278 = PRESENTATION_STYLE_ASSIGNMENT((#3279));
#3279 = SURFACE_STYLE_USAGE(.BOTH.,#3280);
#3280 = SURFACE_SIDE_STYLE('',(#3281));
#3281 = SURFACE_STYLE_FILL_AREA(#3282);
#3282 = FILL_AREA_STYLE('',(#3283));
#3283 = FILL_AREA_STYLE_COLOUR('',#3276);
#3284 = OVER_RIDING_STYLED_ITEM('overriding color',(#3285),#746,#3258);
#3285 = PRESENTATION_STYLE_ASSIGNMENT((#3286));
#3286 = SURFACE_STYLE_USAGE(.BOTH.,#3287);
#3287 = SURFACE_SIDE_STYLE('',(#3288));
#3288 = SURFACE_STYLE_FILL_AREA(#3289);
#3289 = FILL_AREA_STYLE('',(#3290));
#3290 = FILL_AREA_STYLE_COLOUR('',#3276);
#3291 = OVER_RIDING_STYLED_ITEM('overriding color',(#3292),#795,#3258);
#3292 = PRESENTATION_STYLE_ASSIGNMENT((#3293));
#3293 = SURFACE_STYLE_USAGE(.BOTH.,#3294);
#3294 = SURFACE_SIDE_STYLE('',(#3295));
#3295 = SURFACE_STYLE_FILL_AREA(#3296);
#3296 = FILL_AREA_STYLE('',(#3297));
#3297 = FILL_AREA_STYLE_COLOUR('',#3276);
#3298 = OVER_RIDING_STYLED_ITEM('overriding color',(#3299),#849,#3258);
#3299 = PRESENTATION_STYLE_ASSIGNMENT((#3300));
#3300 = SURFACE_STYLE_USAGE(.BOTH.,#3301);
#3301 = SURFACE_SIDE_STYLE('',(#3302));
#3302 = SURFACE_STYLE_FILL_AREA(#3303);
#3303 = FILL_AREA_STYLE('',(#3304));
#3304 = FILL_AREA_STYLE_COLOUR('',#3276);
#3305 = OVER_RIDING_STYLED_ITEM('overriding color',(#3306),#880,#3258);
#3306 = PRESENTATION_STYLE_ASSIGNMENT((#3307));
#3307 = SURFACE_STYLE_USAGE(.BOTH.,#3308);
#3308 = SURFACE_SIDE_STYLE('',(#3309));
#3309 = SURFACE_STYLE_FILL_AREA(#3310);
#3310 = FILL_AREA_STYLE('',(#3311));
#3311 = FILL_AREA_STYLE_COLOUR('',#3276);
#3312 = OVER_RIDING_STYLED_ITEM('overriding color',(#3313),#920,#3258);
#3313 = PRESENTATION_STYLE_ASSIGNMENT((#3314));
#3314 = SURFACE_STYLE_USAGE(.BOTH.,#3315);
#3315 = SURFACE_SIDE_STYLE('',(#3316));
#3316 = SURFACE_STYLE_FILL_AREA(#3317);
#3317 = FILL_AREA_STYLE('',(#3318));
#3318 = FILL_AREA_STYLE_COLOUR('',#3276);
#3319 = OVER_RIDING_STYLED_ITEM('overriding color',(#3320),#951,#3258);
#3320 = PRESENTATION_STYLE_ASSIGNMENT((#3321));
#3321 = SURFACE_STYLE_USAGE(.BOTH.,#3322);
#3322 = SURFACE_SIDE_STYLE('',(#3323));
#3323 = SURFACE_STYLE_FILL_AREA(#3324);
#3324 = FILL_AREA_STYLE('',(#3325));
#3325 = FILL_AREA_STYLE_COLOUR('',#3276);
#3326 = OVER_RIDING_STYLED_ITEM('overriding color',(#3327),#963,#3258);
#3327 = PRESENTATION_STYLE_ASSIGNMENT((#3328));
#3328 = SURFACE_STYLE_USAGE(.BOTH.,#3329);
#3329 = SURFACE_SIDE_STYLE('',(#3330));
#3330 = SURFACE_STYLE_FILL_AREA(#3331);
#3331 = FILL_AREA_STYLE('',(#3332));
#3332 = FILL_AREA_STYLE_COLOUR('',#3276);
#3333 = OVER_RIDING_STYLED_ITEM('overriding color',(#3334),#1435,#3258);
#3334 = PRESENTATION_STYLE_ASSIGNMENT((#3335));
#3335 = SURFACE_STYLE_USAGE(.BOTH.,#3336);
#3336 = SURFACE_SIDE_STYLE('',(#3337));
#3337 = SURFACE_STYLE_FILL_AREA(#3338);
#3338 = FILL_AREA_STYLE('',(#3339));
#3339 = FILL_AREA_STYLE_COLOUR('',#3276);
#3340 = OVER_RIDING_STYLED_ITEM('overriding color',(#3341),#1453,#3258);
#3341 = PRESENTATION_STYLE_ASSIGNMENT((#3342));
#3342 = SURFACE_STYLE_USAGE(.BOTH.,#3343);
#3343 = SURFACE_SIDE_STYLE('',(#3344));
#3344 = SURFACE_STYLE_FILL_AREA(#3345);
#3345 = FILL_AREA_STYLE('',(#3346));
#3346 = FILL_AREA_STYLE_COLOUR('',#3276);
#3347 = OVER_RIDING_STYLED_ITEM('overriding color',(#3348),#1486,#3258);
#3348 = PRESENTATION_STYLE_ASSIGNMENT((#3349));
#3349 = SURFACE_STYLE_USAGE(.BOTH.,#3350);
#3350 = SURFACE_SIDE_STYLE('',(#3351));
#3351 = SURFACE_STYLE_FILL_AREA(#3352);
#3352 = FILL_AREA_STYLE('',(#3353));
#3353 = FILL_AREA_STYLE_COLOUR('',#3276);
#3354 = OVER_RIDING_STYLED_ITEM('overriding color',(#3355),#1517,#3258);
#3355 = PRESENTATION_STYLE_ASSIGNMENT((#3356));
#3356 = SURFACE_STYLE_USAGE(.BOTH.,#3357);
#3357 = SURFACE_SIDE_STYLE('',(#3358));
#3358 = SURFACE_STYLE_FILL_AREA(#3359);
#3359 = FILL_AREA_STYLE('',(#3360));
#3360 = FILL_AREA_STYLE_COLOUR('',#3276);
#3361 = OVER_RIDING_STYLED_ITEM('overriding color',(#3362),#1535,#3258);
#3362 = PRESENTATION_STYLE_ASSIGNMENT((#3363));
#3363 = SURFACE_STYLE_USAGE(.BOTH.,#3364);
#3364 = SURFACE_SIDE_STYLE('',(#3365));
#3365 = SURFACE_STYLE_FILL_AREA(#3366);
#3366 = FILL_AREA_STYLE('',(#3367));
#3367 = FILL_AREA_STYLE_COLOUR('',#3276);
#3368 = OVER_RIDING_STYLED_ITEM('overriding color',(#3369),#1552,#3258);
#3369 = PRESENTATION_STYLE_ASSIGNMENT((#3370));
#3370 = SURFACE_STYLE_USAGE(.BOTH.,#3371);
#3371 = SURFACE_SIDE_STYLE('',(#3372));
#3372 = SURFACE_STYLE_FILL_AREA(#3373);
#3373 = FILL_AREA_STYLE('',(#3374));
#3374 = FILL_AREA_STYLE_COLOUR('',#3276);
#3375 = OVER_RIDING_STYLED_ITEM('overriding color',(#3376),#1569,#3258);
#3376 = PRESENTATION_STYLE_ASSIGNMENT((#3377));
#3377 = SURFACE_STYLE_USAGE(.BOTH.,#3378);
#3378 = SURFACE_SIDE_STYLE('',(#3379));
#3379 = SURFACE_STYLE_FILL_AREA(#3380);
#3380 = FILL_AREA_STYLE('',(#3381));
#3381 = FILL_AREA_STYLE_COLOUR('',#3276);
#3382 = OVER_RIDING_STYLED_ITEM('overriding color',(#3383),#1587,#3258);
#3383 = PRESENTATION_STYLE_ASSIGNMENT((#3384));
#3384 = SURFACE_STYLE_USAGE(.BOTH.,#3385);
#3385 = SURFACE_SIDE_STYLE('',(#3386));
#3386 = SURFACE_STYLE_FILL_AREA(#3387);
#3387 = FILL_AREA_STYLE('',(#3388));
#3388 = FILL_AREA_STYLE_COLOUR('',#3276);
#3389 = OVER_RIDING_STYLED_ITEM('overriding color',(#3390),#1605,#3258);
#3390 = PRESENTATION_STYLE_ASSIGNMENT((#3391));
#3391 = SURFACE_STYLE_USAGE(.BOTH.,#3392);
#3392 = SURFACE_SIDE_STYLE('',(#3393));
#3393 = SURFACE_STYLE_FILL_AREA(#3394);
#3394 = FILL_AREA_STYLE('',(#3395));
#3395 = FILL_AREA_STYLE_COLOUR('',#3276);
#3396 = OVER_RIDING_STYLED_ITEM('overriding color',(#3397),#1623,#3258);
#3397 = PRESENTATION_STYLE_ASSIGNMENT((#3398));
#3398 = SURFACE_STYLE_USAGE(.BOTH.,#3399);
#3399 = SURFACE_SIDE_STYLE('',(#3400));
#3400 = SURFACE_STYLE_FILL_AREA(#3401);
#3401 = FILL_AREA_STYLE('',(#3402));
#3402 = FILL_AREA_STYLE_COLOUR('',#3276);
#3403 = OVER_RIDING_STYLED_ITEM('overriding color',(#3404),#1641,#3258);
#3404 = PRESENTATION_STYLE_ASSIGNMENT((#3405));
#3405 = SURFACE_STYLE_USAGE(.BOTH.,#3406);
#3406 = SURFACE_SIDE_STYLE('',(#3407));
#3407 = SURFACE_STYLE_FILL_AREA(#3408);
#3408 = FILL_AREA_STYLE('',(#3409));
#3409 = FILL_AREA_STYLE_COLOUR('',#3276);
#3410 = OVER_RIDING_STYLED_ITEM('overriding color',(#3411),#1658,#3258);
#3411 = PRESENTATION_STYLE_ASSIGNMENT((#3412));
#3412 = SURFACE_STYLE_USAGE(.BOTH.,#3413);
#3413 = SURFACE_SIDE_STYLE('',(#3414));
#3414 = SURFACE_STYLE_FILL_AREA(#3415);
#3415 = FILL_AREA_STYLE('',(#3416));
#3416 = FILL_AREA_STYLE_COLOUR('',#3276);
#3417 = OVER_RIDING_STYLED_ITEM('overriding color',(#3418),#1675,#3258);
#3418 = PRESENTATION_STYLE_ASSIGNMENT((#3419));
#3419 = SURFACE_STYLE_USAGE(.BOTH.,#3420);
#3420 = SURFACE_SIDE_STYLE('',(#3421));
#3421 = SURFACE_STYLE_FILL_AREA(#3422);
#3422 = FILL_AREA_STYLE('',(#3423));
#3423 = FILL_AREA_STYLE_COLOUR('',#3276);
#3424 = OVER_RIDING_STYLED_ITEM('overriding color',(#3425),#3220,#3258);
#3425 = PRESENTATION_STYLE_ASSIGNMENT((#3426));
#3426 = SURFACE_STYLE_USAGE(.BOTH.,#3427);
#3427 = SURFACE_SIDE_STYLE('',(#3428));
#3428 = SURFACE_STYLE_FILL_AREA(#3429);
#3429 = FILL_AREA_STYLE('',(#3430));
#3430 = FILL_AREA_STYLE_COLOUR('',#3276);
#3431 = OVER_RIDING_STYLED_ITEM('overriding color',(#3432),#3233,#3258);
#3432 = PRESENTATION_STYLE_ASSIGNMENT((#3433));
#3433 = SURFACE_STYLE_USAGE(.BOTH.,#3434);
#3434 = SURFACE_SIDE_STYLE('',(#3435));
#3435 = SURFACE_STYLE_FILL_AREA(#3436);
#3436 = FILL_AREA_STYLE('',(#3437));
#3437 = FILL_AREA_STYLE_COLOUR('',#3276);
ENDSEC;
END-ISO-10303-21;
